imdbId,Image width,Image height,Bits/pixel,Pixel format,Compression,Format version,MIME type,Endianness
1821426,182 pixels,268 pixels,24,YCbCr,JPEG (Baseline),JFIF 1.01,image/jpeg,Big endian
1825842,182 pixels,268 pixels,24,YCbCr,JPEG (Baseline),JFIF 1.01,image/jpeg,Big endian
1270114,182 pixels,268 pixels,24,YCbCr,JPEG (Baseline),JFIF 1.01,image/jpeg,Big endian
111686,182 pixels,268 pixels,24,YCbCr,JPEG (Baseline),JFIF 1.01,image/jpeg,Big endian
23470,182 pixels,268 pixels,24,YCbCr,JPEG (Baseline),JFIF 1.01,image/jpeg,Big endian
66849,182 pixels,268 pixels,24,YCbCr,JPEG (Baseline),JFIF 1.01,image/jpeg,Big endian
112744,182 pixels,268 pixels,24,YCbCr,JPEG (Baseline),JFIF 1.01,image/jpeg,Big endian
60445,182 pixels,268 pixels,24,YCbCr,JPEG (Baseline),JFIF 1.01,image/jpeg,Big endian
871512,182 pixels,268 pixels,24,YCbCr,JPEG (Baseline),JFIF 1.01,image/jpeg,Big endian
221115,182 pixels,268 pixels,24,YCbCr,JPEG (Baseline),JFIF 1.01,image/jpeg,Big endian
462392,182 pixels,268 pixels,24,YCbCr,JPEG (Baseline),JFIF 1.01,image/jpeg,Big endian
3489470,182 pixels,268 pixels,24,YCbCr,JPEG (Baseline),JFIF 1.01,image/jpeg,Big endian
1173907,182 pixels,268 pixels,24,YCbCr,JPEG (Baseline),JFIF 1.01,image/jpeg,Big endian
3698408,182 pixels,268 pixels,24,YCbCr,JPEG (Baseline),JFIF 1.01,image/jpeg,Big endian
1142988,182 pixels,268 pixels,24,YCbCr,JPEG (Baseline),JFIF 1.01,image/jpeg,Big endian
132477,182 pixels,268 pixels,24,YCbCr,JPEG (Baseline),JFIF 1.01,image/jpeg,Big endian
1311060,182 pixels,268 pixels,24,YCbCr,JPEG (Baseline),JFIF 1.01,image/jpeg,Big endian
811136,182 pixels,268 pixels,24,YCbCr,JPEG (Baseline),JFIF 1.01,image/jpeg,Big endian
161931,182 pixels,268 pixels,24,YCbCr,JPEG (Baseline),JFIF 1.01,image/jpeg,Big endian
80610,182 pixels,268 pixels,24,YCbCr,JPEG (Baseline),JFIF 1.01,image/jpeg,Big endian
2473510,182 pixels,268 pixels,24,YCbCr,JPEG (Baseline),JFIF 1.01,image/jpeg,Big endian
455944,182 pixels,268 pixels,24,YCbCr,JPEG (Baseline),JFIF 1.01,image/jpeg,Big endian
115684,182 pixels,268 pixels,24,YCbCr,JPEG (Baseline),JFIF 1.01,image/jpeg,Big endian
382932,182 pixels,268 pixels,24,YCbCr,JPEG (Baseline),JFIF 1.01,image/jpeg,Big endian
93206,182 pixels,268 pixels,24,YCbCr,JPEG (Baseline),JFIF 1.01,image/jpeg,Big endian
762104,182 pixels,268 pixels,24,YCbCr,JPEG (Baseline),JFIF 1.01,image/jpeg,Big endian
464141,182 pixels,268 pixels,24,YCbCr,JPEG (Baseline),JFIF 1.01,image/jpeg,Big endian
439,182 pixels,268 pixels,24,YCbCr,JPEG (Baseline),JFIF 1.01,image/jpeg,Big endian
489282,182 pixels,268 pixels,24,YCbCr,JPEG (Baseline),JFIF 1.01,image/jpeg,Big endian
3904186,182 pixels,268 pixels,24,YCbCr,JPEG (Baseline),JFIF 1.01,image/jpeg,Big endian
1704292,182 pixels,268 pixels,24,YCbCr,JPEG (Baseline),JFIF 1.01,image/jpeg,Big endian
71974,182 pixels,268 pixels,24,YCbCr,JPEG (Baseline),JFIF 1.01,image/jpeg,Big endian
491399,182 pixels,268 pixels,24,YCbCr,JPEG (Baseline),JFIF 1.01,image/jpeg,Big endian
279286,182 pixels,268 pixels,24,YCbCr,JPEG (Baseline),JFIF 1.01,image/jpeg,Big endian
3824412,182 pixels,268 pixels,24,YCbCr,JPEG (Baseline),JFIF 1.01,image/jpeg,Big endian
86911,182 pixels,268 pixels,24,YCbCr,JPEG (Baseline),JFIF 1.01,image/jpeg,Big endian
785025,182 pixels,268 pixels,24,YCbCr,JPEG (Baseline),JFIF 1.01,image/jpeg,Big endian
100911,182 pixels,268 pixels,24,YCbCr,JPEG (Baseline),JFIF 1.01,image/jpeg,Big endian
43953,182 pixels,268 pixels,24,YCbCr,JPEG (Baseline),JFIF 1.01,image/jpeg,Big endian
433412,182 pixels,268 pixels,24,YCbCr,JPEG (Baseline),JFIF 1.01,image/jpeg,Big endian
72913,182 pixels,268 pixels,24,YCbCr,JPEG (Baseline),JFIF 1.01,image/jpeg,Big endian
2215077,182 pixels,268 pixels,24,YCbCr,JPEG (Baseline),JFIF 1.01,image/jpeg,Big endian
92963,182 pixels,268 pixels,24,YCbCr,JPEG (Baseline),JFIF 1.01,image/jpeg,Big endian
31322,182 pixels,268 pixels,24,YCbCr,JPEG (Baseline),JFIF 1.01,image/jpeg,Big endian
89974,182 pixels,268 pixels,24,YCbCr,JPEG (Baseline),JFIF 1.01,image/jpeg,Big endian
71413,182 pixels,268 pixels,24,YCbCr,JPEG (Baseline),JFIF 1.01,image/jpeg,Big endian
1839522,182 pixels,268 pixels,24,YCbCr,JPEG (Baseline),JFIF 1.01,image/jpeg,Big endian
41610,182 pixels,268 pixels,24,YCbCr,JPEG (Baseline),JFIF 1.01,image/jpeg,Big endian
1365471,182 pixels,268 pixels,24,YCbCr,JPEG (Baseline),JFIF 1.01,image/jpeg,Big endian
3399042,182 pixels,268 pixels,24,YCbCr,JPEG (Baseline),JFIF 1.01,image/jpeg,Big endian
1731697,182 pixels,268 pixels,24,YCbCr,JPEG (Baseline),JFIF 1.01,image/jpeg,Big endian
436854,182 pixels,268 pixels,24,YCbCr,JPEG (Baseline),JFIF 1.01,image/jpeg,Big endian
69031,182 pixels,268 pixels,24,YCbCr,JPEG (Baseline),JFIF 1.01,image/jpeg,Big endian
13688,182 pixels,268 pixels,24,YCbCr,JPEG (Baseline),JFIF 1.01,image/jpeg,Big endian
1703919,182 pixels,268 pixels,24,YCbCr,JPEG (Baseline),JFIF 1.01,image/jpeg,Big endian
99857,182 pixels,268 pixels,24,YCbCr,JPEG (Baseline),JFIF 1.01,image/jpeg,Big endian
2616880,182 pixels,268 pixels,24,YCbCr,JPEG (Baseline),JFIF 1.01,image/jpeg,Big endian
31999,182 pixels,268 pixels,24,YCbCr,JPEG (Baseline),JFIF 1.01,image/jpeg,Big endian
902967,182 pixels,268 pixels,24,YCbCr,JPEG (Baseline),JFIF 1.01,image/jpeg,Big endian
2893780,182 pixels,268 pixels,24,YCbCr,JPEG (Baseline),JFIF 1.01,image/jpeg,Big endian
366532,182 pixels,268 pixels,24,YCbCr,JPEG (Baseline),JFIF 1.01,image/jpeg,Big endian
88224,182 pixels,268 pixels,24,YCbCr,JPEG (Baseline),JFIF 1.01,image/jpeg,Big endian
909388,182 pixels,268 pixels,24,YCbCr,JPEG (Baseline),JFIF 1.01,image/jpeg,Big endian
1565441,182 pixels,268 pixels,24,YCbCr,JPEG (Baseline),JFIF 1.01,image/jpeg,Big endian
55294,182 pixels,268 pixels,24,YCbCr,JPEG (Baseline),JFIF 1.01,image/jpeg,Big endian
105128,182 pixels,268 pixels,24,YCbCr,JPEG (Baseline),JFIF 1.01,image/jpeg,Big endian
139470,182 pixels,268 pixels,24,YCbCr,JPEG (Baseline),JFIF 1.01,image/jpeg,Big endian
37008,182 pixels,268 pixels,24,YCbCr,JPEG (Baseline),JFIF 1.01,image/jpeg,Big endian
277185,182 pixels,268 pixels,24,YCbCr,JPEG (Baseline),JFIF 1.01,image/jpeg,Big endian
56048,182 pixels,268 pixels,24,YCbCr,JPEG (Baseline),JFIF 1.01,image/jpeg,Big endian
75788,182 pixels,268 pixels,24,YCbCr,JPEG (Baseline),JFIF 1.01,image/jpeg,Big endian
76374,182 pixels,268 pixels,24,YCbCr,JPEG (Baseline),JFIF 1.01,image/jpeg,Big endian
5237552,182 pixels,268 pixels,24,YCbCr,JPEG (Baseline),JFIF 1.01,image/jpeg,Big endian
109402,182 pixels,268 pixels,24,YCbCr,JPEG (Baseline),JFIF 1.01,image/jpeg,Big endian
68179,182 pixels,268 pixels,24,YCbCr,JPEG (Baseline),JFIF 1.01,image/jpeg,Big endian
107614,182 pixels,268 pixels,24,YCbCr,JPEG (Baseline),JFIF 1.01,image/jpeg,Big endian
484562,182 pixels,268 pixels,24,YCbCr,JPEG (Baseline),JFIF 1.01,image/jpeg,Big endian
67952,182 pixels,268 pixels,24,YCbCr,JPEG (Baseline),JFIF 1.01,image/jpeg,Big endian
120844,182 pixels,268 pixels,24,YCbCr,JPEG (Baseline),JFIF 1.01,image/jpeg,Big endian
89017,182 pixels,268 pixels,24,YCbCr,JPEG (Baseline),JFIF 1.01,image/jpeg,Big endian
81693,182 pixels,268 pixels,24,YCbCr,JPEG (Baseline),JFIF 1.01,image/jpeg,Big endian
1626135,182 pixels,268 pixels,24,YCbCr,JPEG (Baseline),JFIF 1.01,image/jpeg,Big endian
1966465,182 pixels,268 pixels,24,YCbCr,JPEG (Baseline),JFIF 1.01,image/jpeg,Big endian
3505712,182 pixels,268 pixels,24,YCbCr,JPEG (Baseline),JFIF 1.01,image/jpeg,Big endian
106175,182 pixels,268 pixels,24,YCbCr,JPEG (Baseline),JFIF 1.01,image/jpeg,Big endian
950739,182 pixels,268 pixels,24,YCbCr,JPEG (Baseline),JFIF 1.01,image/jpeg,Big endian
1863201,182 pixels,268 pixels,24,YCbCr,JPEG (Baseline),JFIF 1.01,image/jpeg,Big endian
2924336,182 pixels,268 pixels,24,YCbCr,JPEG (Baseline),JFIF 1.01,image/jpeg,Big endian
117608,182 pixels,268 pixels,24,YCbCr,JPEG (Baseline),JFIF 1.01,image/jpeg,Big endian
3486542,182 pixels,268 pixels,24,YCbCr,JPEG (Baseline),JFIF 1.01,image/jpeg,Big endian
3895884,182 pixels,268 pixels,24,YCbCr,JPEG (Baseline),JFIF 1.01,image/jpeg,Big endian
91777,182 pixels,268 pixels,24,YCbCr,JPEG (Baseline),JFIF 1.01,image/jpeg,Big endian
2698966,182 pixels,268 pixels,24,YCbCr,JPEG (Baseline),JFIF 1.01,image/jpeg,Big endian
4699624,182 pixels,268 pixels,24,YCbCr,JPEG (Baseline),JFIF 1.01,image/jpeg,Big endian
1730704,182 pixels,268 pixels,24,YCbCr,JPEG (Baseline),JFIF 1.01,image/jpeg,Big endian
403217,182 pixels,268 pixels,24,YCbCr,JPEG (Baseline),JFIF 1.01,image/jpeg,Big endian
101329,182 pixels,268 pixels,24,YCbCr,JPEG (Baseline),JFIF 1.01,image/jpeg,Big endian
38390,182 pixels,268 pixels,24,YCbCr,JPEG (Baseline),JFIF 1.01,image/jpeg,Big endian
114753,182 pixels,268 pixels,24,YCbCr,JPEG (Baseline),JFIF 1.01,image/jpeg,Big endian
72852,182 pixels,268 pixels,24,YCbCr,JPEG (Baseline),JFIF 1.01,image/jpeg,Big endian
383028,182 pixels,268 pixels,24,YCbCr,JPEG (Baseline),JFIF 1.01,image/jpeg,Big endian
119908,182 pixels,268 pixels,24,YCbCr,JPEG (Baseline),JFIF 1.01,image/jpeg,Big endian
64897,182 pixels,268 pixels,24,YCbCr,JPEG (Baseline),JFIF 1.01,image/jpeg,Big endian
425326,182 pixels,268 pixels,24,YCbCr,JPEG (Baseline),JFIF 1.01,image/jpeg,Big endian
2247566,182 pixels,268 pixels,24,YCbCr,JPEG (Baseline),JFIF 1.01,image/jpeg,Big endian
114924,182 pixels,268 pixels,24,YCbCr,JPEG (Baseline),JFIF 1.01,image/jpeg,Big endian
106521,182 pixels,268 pixels,24,YCbCr,JPEG (Baseline),JFIF 1.01,image/jpeg,Big endian
1290082,182 pixels,268 pixels,24,YCbCr,JPEG (Baseline),JFIF 1.01,image/jpeg,Big endian
2820466,182 pixels,268 pixels,24,YCbCr,JPEG (Baseline),JFIF 1.01,image/jpeg,Big endian
912592,182 pixels,268 pixels,24,YCbCr,JPEG (Baseline),JFIF 1.01,image/jpeg,Big endian
218112,182 pixels,268 pixels,24,YCbCr,JPEG (Baseline),JFIF 1.01,image/jpeg,Big endian
2359381,182 pixels,268 pixels,24,YCbCr,JPEG (Baseline),JFIF 1.01,image/jpeg,Big endian
1334536,182 pixels,268 pixels,24,YCbCr,JPEG (Baseline),JFIF 1.01,image/jpeg,Big endian
2093997,182 pixels,268 pixels,8,Grayscale,JPEG (Baseline),JFIF 1.01,image/jpeg,Big endian
275230,182 pixels,268 pixels,24,YCbCr,JPEG (Baseline),JFIF 1.01,image/jpeg,Big endian
209263,182 pixels,268 pixels,24,YCbCr,JPEG (Baseline),JFIF 1.01,image/jpeg,Big endian
1924273,182 pixels,268 pixels,24,YCbCr,JPEG (Baseline),JFIF 1.01,image/jpeg,Big endian
221799,182 pixels,268 pixels,24,YCbCr,JPEG (Baseline),JFIF 1.01,image/jpeg,Big endian
1386741,182 pixels,268 pixels,24,YCbCr,JPEG (Baseline),JFIF 1.01,image/jpeg,Big endian
45719,182 pixels,268 pixels,24,YCbCr,JPEG (Baseline),JFIF 1.01,image/jpeg,Big endian
284277,182 pixels,268 pixels,24,YCbCr,JPEG (Baseline),JFIF 1.01,image/jpeg,Big endian
1055292,182 pixels,268 pixels,24,YCbCr,JPEG (Baseline),JFIF 1.01,image/jpeg,Big endian
1996223,182 pixels,268 pixels,24,YCbCr,JPEG (Baseline),JFIF 1.01,image/jpeg,Big endian
1626146,182 pixels,268 pixels,24,YCbCr,JPEG (Baseline),JFIF 1.01,image/jpeg,Big endian
485851,182 pixels,268 pixels,24,YCbCr,JPEG (Baseline),JFIF 1.01,image/jpeg,Big endian
117547,182 pixels,268 pixels,24,YCbCr,JPEG (Baseline),JFIF 1.01,image/jpeg,Big endian
3421270,182 pixels,268 pixels,24,YCbCr,JPEG (Baseline),JFIF 1.01,image/jpeg,Big endian
99729,182 pixels,268 pixels,24,YCbCr,JPEG (Baseline),JFIF 1.01,image/jpeg,Big endian
70689,182 pixels,268 pixels,24,YCbCr,JPEG (Baseline),JFIF 1.01,image/jpeg,Big endian
31260,182 pixels,268 pixels,24,YCbCr,JPEG (Baseline),JFIF 1.01,image/jpeg,Big endian
85276,182 pixels,268 pixels,24,YCbCr,JPEG (Baseline),JFIF 1.01,image/jpeg,Big endian
275309,182 pixels,268 pixels,24,YCbCr,JPEG (Baseline),JFIF 1.01,image/jpeg,Big endian
138317,182 pixels,268 pixels,24,YCbCr,JPEG (Baseline),JFIF 1.01,image/jpeg,Big endian
473074,182 pixels,268 pixels,24,YCbCr,JPEG (Baseline),JFIF 1.01,image/jpeg,Big endian
3814316,182 pixels,268 pixels,24,YCbCr,JPEG (Baseline),JFIF 1.01,image/jpeg,Big endian
3644202,182 pixels,268 pixels,24,YCbCr,JPEG (Baseline),JFIF 1.01,image/jpeg,Big endian
1941668,182 pixels,268 pixels,24,YCbCr,JPEG (Baseline),JFIF 1.01,image/jpeg,Big endian
24886,182 pixels,268 pixels,24,YCbCr,JPEG (Baseline),JFIF 1.01,image/jpeg,Big endian
2925642,182 pixels,268 pixels,24,YCbCr,JPEG (Baseline),JFIF 1.01,image/jpeg,Big endian
323551,182 pixels,268 pixels,24,YCbCr,JPEG (Baseline),JFIF 1.01,image/jpeg,Big endian
5988898,182 pixels,268 pixels,24,YCbCr,JPEG (Baseline),JFIF 1.01,image/jpeg,Big endian
276816,182 pixels,268 pixels,24,YCbCr,JPEG (Baseline),JFIF 1.01,image/jpeg,Big endian
113112,182 pixels,268 pixels,24,YCbCr,JPEG (Baseline),JFIF 1.01,image/jpeg,Big endian
68870,182 pixels,268 pixels,24,YCbCr,JPEG (Baseline),JFIF 1.01,image/jpeg,Big endian
192745,182 pixels,268 pixels,24,YCbCr,JPEG (Baseline),JFIF 1.01,image/jpeg,Big endian
5031014,182 pixels,268 pixels,24,YCbCr,JPEG (Baseline),JFIF 1.01,image/jpeg,Big endian
97674,182 pixels,268 pixels,24,YCbCr,JPEG (Baseline),JFIF 1.01,image/jpeg,Big endian
103994,182 pixels,268 pixels,24,YCbCr,JPEG (Baseline),JFIF 1.01,image/jpeg,Big endian
54615,182 pixels,268 pixels,24,YCbCr,JPEG (Baseline),JFIF 1.01,image/jpeg,Big endian
102426,182 pixels,268 pixels,24,YCbCr,JPEG (Baseline),JFIF 1.01,image/jpeg,Big endian
338763,182 pixels,268 pixels,24,YCbCr,JPEG (Baseline),JFIF 1.01,image/jpeg,Big endian
78106,182 pixels,268 pixels,24,YCbCr,JPEG (Baseline),JFIF 1.01,image/jpeg,Big endian
2262161,182 pixels,268 pixels,24,YCbCr,JPEG (Baseline),JFIF 1.01,image/jpeg,Big endian
23271,182 pixels,268 pixels,24,YCbCr,JPEG (Baseline),JFIF 1.01,image/jpeg,Big endian
441782,182 pixels,268 pixels,24,YCbCr,JPEG (Baseline),JFIF 1.01,image/jpeg,Big endian
1715356,182 pixels,268 pixels,24,YCbCr,JPEG (Baseline),JFIF 1.01,image/jpeg,Big endian
1999987,182 pixels,268 pixels,24,YCbCr,JPEG (Baseline),JFIF 1.01,image/jpeg,Big endian
27545,182 pixels,268 pixels,24,YCbCr,JPEG (Baseline),JFIF 1.01,image/jpeg,Big endian
1394268,182 pixels,268 pixels,24,YCbCr,JPEG (Baseline),JFIF 1.01,image/jpeg,Big endian
36275,182 pixels,268 pixels,24,YCbCr,JPEG (Baseline),JFIF 1.01,image/jpeg,Big endian
63102,182 pixels,268 pixels,24,YCbCr,JPEG (Baseline),JFIF 1.01,image/jpeg,Big endian
1806234,182 pixels,268 pixels,24,YCbCr,JPEG (Baseline),JFIF 1.01,image/jpeg,Big endian
2559458,182 pixels,268 pixels,24,YCbCr,JPEG (Baseline),JFIF 1.01,image/jpeg,Big endian
92585,182 pixels,268 pixels,24,YCbCr,JPEG (Baseline),JFIF 1.01,image/jpeg,Big endian
55583,182 pixels,268 pixels,24,YCbCr,JPEG (Baseline),JFIF 1.01,image/jpeg,Big endian
1638362,182 pixels,268 pixels,24,YCbCr,JPEG (Baseline),JFIF 1.01,image/jpeg,Big endian
91651,182 pixels,268 pixels,24,YCbCr,JPEG (Baseline),JFIF 1.01,image/jpeg,Big endian
71260,182 pixels,268 pixels,24,YCbCr,JPEG (Baseline),JFIF 1.01,image/jpeg,Big endian
351299,182 pixels,268 pixels,24,YCbCr,JPEG (Baseline),JFIF 1.01,image/jpeg,Big endian
71344,182 pixels,268 pixels,24,YCbCr,JPEG (Baseline),JFIF 1.01,image/jpeg,Big endian
1433817,182 pixels,268 pixels,24,YCbCr,JPEG (Baseline),JFIF 1.01,image/jpeg,Big endian
35614,182 pixels,268 pixels,24,YCbCr,JPEG (Baseline),JFIF 1.01,image/jpeg,Big endian
213689,182 pixels,268 pixels,24,YCbCr,JPEG (Baseline),JFIF 1.01,image/jpeg,Big endian
89847,182 pixels,268 pixels,24,YCbCr,JPEG (Baseline),JFIF 1.01,image/jpeg,Big endian
103973,182 pixels,268 pixels,24,YCbCr,JPEG (Baseline),JFIF 1.01,image/jpeg,Big endian
948547,182 pixels,268 pixels,24,YCbCr,JPEG (Baseline),JFIF 1.01,image/jpeg,Big endian
2559122,182 pixels,268 pixels,24,YCbCr,JPEG (Baseline),JFIF 1.01,image/jpeg,Big endian
2043931,182 pixels,268 pixels,24,YCbCr,JPEG (Baseline),JFIF 1.01,image/jpeg,Big endian
91990,182 pixels,268 pixels,24,YCbCr,JPEG (Baseline),JFIF 1.01,image/jpeg,Big endian
89820,182 pixels,268 pixels,24,YCbCr,JPEG (Baseline),JFIF 1.01,image/jpeg,Big endian
387892,182 pixels,268 pixels,24,YCbCr,JPEG (Baseline),JFIF 1.01,image/jpeg,Big endian
1230213,182 pixels,268 pixels,24,YCbCr,JPEG (Baseline),JFIF 1.01,image/jpeg,Big endian
138764,182 pixels,268 pixels,24,YCbCr,JPEG (Baseline),JFIF 1.01,image/jpeg,Big endian
818226,182 pixels,268 pixels,24,YCbCr,JPEG (Baseline),JFIF 1.01,image/jpeg,Big endian
3639176,182 pixels,268 pixels,24,YCbCr,JPEG (Baseline),JFIF 1.01,image/jpeg,Big endian
1439235,182 pixels,268 pixels,24,YCbCr,JPEG (Baseline),JFIF 1.01,image/jpeg,Big endian
143012,182 pixels,268 pixels,24,YCbCr,JPEG (Baseline),JFIF 1.01,image/jpeg,Big endian
2188743,182 pixels,268 pixels,24,YCbCr,JPEG (Baseline),JFIF 1.01,image/jpeg,Big endian
355611,182 pixels,268 pixels,24,YCbCr,JPEG (Baseline),JFIF 1.01,image/jpeg,Big endian
327409,182 pixels,268 pixels,24,YCbCr,JPEG (Baseline),JFIF 1.01,image/jpeg,Big endian
2093100,182 pixels,268 pixels,24,YCbCr,JPEG (Baseline),JFIF 1.01,image/jpeg,Big endian
422236,182 pixels,268 pixels,24,YCbCr,JPEG (Baseline),JFIF 1.01,image/jpeg,Big endian
380798,182 pixels,268 pixels,24,YCbCr,JPEG (Baseline),JFIF 1.01,image/jpeg,Big endian
404390,182 pixels,268 pixels,24,YCbCr,JPEG (Baseline),JFIF 1.01,image/jpeg,Big endian
76119,182 pixels,268 pixels,24,YCbCr,JPEG (Baseline),JFIF 1.01,image/jpeg,Big endian
100271,182 pixels,268 pixels,24,YCbCr,JPEG (Baseline),JFIF 1.01,image/jpeg,Big endian
2634200,182 pixels,268 pixels,24,YCbCr,JPEG (Baseline),JFIF 1.01,image/jpeg,Big endian
3485880,182 pixels,268 pixels,24,YCbCr,JPEG (Baseline),JFIF 1.01,image/jpeg,Big endian
37630,182 pixels,268 pixels,24,YCbCr,JPEG (Baseline),JFIF 1.01,image/jpeg,Big endian
1087527,182 pixels,268 pixels,24,YCbCr,JPEG (Baseline),JFIF 1.01,image/jpeg,Big endian
787462,182 pixels,268 pixels,24,YCbCr,JPEG (Baseline),JFIF 1.01,image/jpeg,Big endian
2904608,182 pixels,268 pixels,24,YCbCr,JPEG (Baseline),JFIF 1.01,image/jpeg,Big endian
42530,182 pixels,268 pixels,24,YCbCr,JPEG (Baseline),JFIF 1.01,image/jpeg,Big endian
247638,182 pixels,268 pixels,24,YCbCr,JPEG (Baseline),JFIF 1.01,image/jpeg,Big endian
206367,182 pixels,268 pixels,24,YCbCr,JPEG (Baseline),JFIF 1.01,image/jpeg,Big endian
1808454,182 pixels,268 pixels,24,YCbCr,JPEG (Baseline),JFIF 1.01,image/jpeg,Big endian
74216,182 pixels,268 pixels,24,YCbCr,JPEG (Baseline),JFIF 1.01,image/jpeg,Big endian
69377,182 pixels,268 pixels,24,YCbCr,JPEG (Baseline),JFIF 1.01,image/jpeg,Big endian
452643,182 pixels,268 pixels,24,YCbCr,JPEG (Baseline),JFIF 1.01,image/jpeg,Big endian
906777,182 pixels,268 pixels,24,YCbCr,JPEG (Baseline),JFIF 1.01,image/jpeg,Big endian
296881,182 pixels,268 pixels,24,YCbCr,JPEG (Baseline),JFIF 1.01,image/jpeg,Big endian
2649194,182 pixels,268 pixels,24,YCbCr,JPEG (Baseline),JFIF 1.01,image/jpeg,Big endian
289596,182 pixels,268 pixels,24,YCbCr,JPEG (Baseline),JFIF 1.01,image/jpeg,Big endian
101985,182 pixels,268 pixels,24,YCbCr,JPEG (Baseline),JFIF 1.01,image/jpeg,Big endian
116768,182 pixels,268 pixels,24,YCbCr,JPEG (Baseline),JFIF 1.01,image/jpeg,Big endian
2404181,182 pixels,268 pixels,24,YCbCr,JPEG (Baseline),JFIF 1.01,image/jpeg,Big endian
4052882,182 pixels,268 pixels,24,YCbCr,JPEG (Baseline),JFIF 1.01,image/jpeg,Big endian
1397265,182 pixels,268 pixels,24,YCbCr,JPEG (Baseline),JFIF 1.01,image/jpeg,Big endian
2261331,182 pixels,268 pixels,24,YCbCr,JPEG (Baseline),JFIF 1.01,image/jpeg,Big endian
1034324,182 pixels,268 pixels,24,YCbCr,JPEG (Baseline),JFIF 1.01,image/jpeg,Big endian
371922,182 pixels,268 pixels,24,YCbCr,JPEG (Baseline),JFIF 1.01,image/jpeg,Big endian
5958174,182 pixels,268 pixels,24,YCbCr,JPEG (Baseline),JFIF 1.01,image/jpeg,Big endian
3896016,182 pixels,268 pixels,24,YCbCr,JPEG (Baseline),JFIF 1.01,image/jpeg,Big endian
1223932,182 pixels,268 pixels,24,YCbCr,JPEG (Baseline),JFIF 1.01,image/jpeg,Big endian
1876547,182 pixels,268 pixels,24,YCbCr,JPEG (Baseline),JFIF 1.01,image/jpeg,Big endian
38348,182 pixels,268 pixels,24,YCbCr,JPEG (Baseline),JFIF 1.01,image/jpeg,Big endian
1829041,182 pixels,268 pixels,24,YCbCr,JPEG (Baseline),JFIF 1.01,image/jpeg,Big endian
878695,182 pixels,268 pixels,24,YCbCr,JPEG (Baseline),JFIF 1.01,image/jpeg,Big endian
43012,182 pixels,268 pixels,24,YCbCr,JPEG (Baseline),JFIF 1.01,image/jpeg,Big endian
60790,182 pixels,268 pixels,24,YCbCr,JPEG (Baseline),JFIF 1.01,image/jpeg,Big endian
1014774,182 pixels,268 pixels,24,YCbCr,JPEG (Baseline),JFIF 1.01,image/jpeg,Big endian
422272,182 pixels,268 pixels,24,YCbCr,JPEG (Baseline),JFIF 1.01,image/jpeg,Big endian
331041,182 pixels,268 pixels,24,YCbCr,JPEG (Baseline),JFIF 1.01,image/jpeg,Big endian
264150,182 pixels,268 pixels,24,YCbCr,JPEG (Baseline),JFIF 1.01,image/jpeg,Big endian
400383,182 pixels,268 pixels,24,YCbCr,JPEG (Baseline),JFIF 1.01,image/jpeg,Big endian
54745,182 pixels,268 pixels,24,YCbCr,JPEG (Baseline),JFIF 1.01,image/jpeg,Big endian
100928,182 pixels,268 pixels,24,YCbCr,JPEG (Baseline),JFIF 1.01,image/jpeg,Big endian
239593,182 pixels,268 pixels,24,YCbCr,JPEG (Baseline),JFIF 1.01,image/jpeg,Big endian
104006,182 pixels,268 pixels,24,YCbCr,JPEG (Baseline),JFIF 1.01,image/jpeg,Big endian
45880,182 pixels,268 pixels,24,YCbCr,JPEG (Baseline),JFIF 1.01,image/jpeg,Big endian
101889,182 pixels,268 pixels,24,YCbCr,JPEG (Baseline),JFIF 1.01,image/jpeg,Big endian
114709,182 pixels,268 pixels,24,YCbCr,JPEG (Baseline),JFIF 1.01,image/jpeg,Big endian
3263690,182 pixels,268 pixels,24,YCbCr,JPEG (Baseline),JFIF 1.01,image/jpeg,Big endian
2518788,182 pixels,268 pixels,24,YCbCr,JPEG (Baseline),JFIF 1.01,image/jpeg,Big endian
32043,182 pixels,268 pixels,24,YCbCr,JPEG (Baseline),JFIF 1.01,image/jpeg,Big endian
4193394,182 pixels,268 pixels,24,YCbCr,JPEG (Baseline),JFIF 1.01,image/jpeg,Big endian
94897,182 pixels,268 pixels,24,YCbCr,JPEG (Baseline),JFIF 1.01,image/jpeg,Big endian
110891,182 pixels,268 pixels,24,YCbCr,JPEG (Baseline),JFIF 1.01,image/jpeg,Big endian
26095,182 pixels,268 pixels,24,YCbCr,JPEG (Baseline),JFIF 1.01,image/jpeg,Big endian
4796122,182 pixels,268 pixels,24,YCbCr,JPEG (Baseline),JFIF 1.01,image/jpeg,Big endian
3597400,182 pixels,268 pixels,24,YCbCr,JPEG (Baseline),JFIF 1.01,image/jpeg,Big endian
1821352,182 pixels,268 pixels,24,YCbCr,JPEG (Baseline),JFIF 1.01,image/jpeg,Big endian
1232207,182 pixels,268 pixels,24,YCbCr,JPEG (Baseline),JFIF 1.01,image/jpeg,Big endian
66830,182 pixels,268 pixels,24,YCbCr,JPEG (Baseline),JFIF 1.01,image/jpeg,Big endian
82096,182 pixels,268 pixels,24,YCbCr,JPEG (Baseline),JFIF 1.01,image/jpeg,Big endian
2690718,182 pixels,268 pixels,24,YCbCr,JPEG (Baseline),JFIF 1.01,image/jpeg,Big endian
2584018,182 pixels,268 pixels,24,YCbCr,JPEG (Baseline),JFIF 1.01,image/jpeg,Big endian
1882164,182 pixels,268 pixels,24,YCbCr,JPEG (Baseline),JFIF 1.01,image/jpeg,Big endian
482527,182 pixels,268 pixels,24,YCbCr,JPEG (Baseline),JFIF 1.01,image/jpeg,Big endian
2922724,182 pixels,268 pixels,24,YCbCr,JPEG (Baseline),JFIF 1.01,image/jpeg,Big endian
16232,182 pixels,268 pixels,24,YCbCr,JPEG (Baseline),JFIF 1.01,image/jpeg,Big endian
90564,182 pixels,268 pixels,24,YCbCr,JPEG (Baseline),JFIF 1.01,image/jpeg,Big endian
63170,182 pixels,268 pixels,24,YCbCr,JPEG (Baseline),JFIF 1.01,image/jpeg,Big endian
285265,182 pixels,268 pixels,24,YCbCr,JPEG (Baseline),JFIF 1.01,image/jpeg,Big endian
73418,182 pixels,268 pixels,24,YCbCr,JPEG (Baseline),JFIF 1.01,image/jpeg,Big endian
2039339,182 pixels,268 pixels,24,YCbCr,JPEG (Baseline),JFIF 1.01,image/jpeg,Big endian
4434004,182 pixels,268 pixels,24,YCbCr,JPEG (Baseline),JFIF 1.01,image/jpeg,Big endian
286261,182 pixels,268 pixels,24,YCbCr,JPEG (Baseline),JFIF 1.01,image/jpeg,Big endian
4908430,182 pixels,268 pixels,24,YCbCr,JPEG (Baseline),JFIF 1.01,image/jpeg,Big endian
2835958,182 pixels,268 pixels,24,YCbCr,JPEG (Baseline),JFIF 1.01,image/jpeg,Big endian
241000,182 pixels,268 pixels,24,YCbCr,JPEG (Baseline),JFIF 1.01,image/jpeg,Big endian
235841,182 pixels,268 pixels,24,YCbCr,JPEG (Baseline),JFIF 1.01,image/jpeg,Big endian
98051,182 pixels,268 pixels,24,YCbCr,JPEG (Baseline),JFIF 1.01,image/jpeg,Big endian
63121,182 pixels,268 pixels,24,YCbCr,JPEG (Baseline),JFIF 1.01,image/jpeg,Big endian
2332579,182 pixels,268 pixels,24,YCbCr,JPEG (Baseline),JFIF 1.01,image/jpeg,Big endian
181833,182 pixels,268 pixels,24,YCbCr,JPEG (Baseline),JFIF 1.01,image/jpeg,Big endian
1592502,182 pixels,268 pixels,24,YCbCr,JPEG (Baseline),JFIF 1.01,image/jpeg,Big endian
318850,182 pixels,268 pixels,24,YCbCr,JPEG (Baseline),JFIF 1.01,image/jpeg,Big endian
118453,182 pixels,268 pixels,24,YCbCr,JPEG (Baseline),JFIF 1.01,image/jpeg,Big endian
36891,182 pixels,268 pixels,24,YCbCr,JPEG (Baseline),JFIF 1.01,image/jpeg,Big endian
4216934,182 pixels,268 pixels,24,YCbCr,JPEG (Baseline),JFIF 1.01,image/jpeg,Big endian
2272350,182 pixels,268 pixels,24,YCbCr,JPEG (Baseline),JFIF 1.01,image/jpeg,Big endian
2391821,182 pixels,268 pixels,24,YCbCr,JPEG (Baseline),JFIF 1.01,image/jpeg,Big endian
55253,182 pixels,268 pixels,24,YCbCr,JPEG (Baseline),JFIF 1.01,image/jpeg,Big endian
92610,182 pixels,268 pixels,24,YCbCr,JPEG (Baseline),JFIF 1.01,image/jpeg,Big endian
249326,182 pixels,268 pixels,24,YCbCr,JPEG (Baseline),JFIF 1.01,image/jpeg,Big endian
120443,182 pixels,268 pixels,24,YCbCr,JPEG (Baseline),JFIF 1.01,image/jpeg,Big endian
760311,182 pixels,268 pixels,24,YCbCr,JPEG (Baseline),JFIF 1.01,image/jpeg,Big endian
233911,182 pixels,268 pixels,24,YCbCr,JPEG (Baseline),JFIF 1.01,image/jpeg,Big endian
51866,182 pixels,268 pixels,24,YCbCr,JPEG (Baseline),JFIF 1.01,image/jpeg,Big endian
84237,182 pixels,268 pixels,24,YCbCr,JPEG (Baseline),JFIF 1.01,image/jpeg,Big endian
2204371,182 pixels,268 pixels,24,YCbCr,JPEG (Baseline),JFIF 1.01,image/jpeg,Big endian
4590930,182 pixels,268 pixels,24,YCbCr,JPEG (Baseline),JFIF 1.01,image/jpeg,Big endian
81027,182 pixels,268 pixels,24,YCbCr,JPEG (Baseline),JFIF 1.01,image/jpeg,Big endian
95384,182 pixels,268 pixels,24,YCbCr,JPEG (Baseline),JFIF 1.01,image/jpeg,Big endian
1361566,182 pixels,268 pixels,24,YCbCr,JPEG (Baseline),JFIF 1.01,image/jpeg,Big endian
491795,182 pixels,268 pixels,24,YCbCr,JPEG (Baseline),JFIF 1.01,image/jpeg,Big endian
17075,182 pixels,268 pixels,24,YCbCr,JPEG (Baseline),JFIF 1.01,image/jpeg,Big endian
1230211,182 pixels,268 pixels,24,YCbCr,JPEG (Baseline),JFIF 1.01,image/jpeg,Big endian
4196450,182 pixels,268 pixels,24,YCbCr,JPEG (Baseline),JFIF 1.01,image/jpeg,Big endian
235376,182 pixels,268 pixels,24,YCbCr,JPEG (Baseline),JFIF 1.01,image/jpeg,Big endian
69687,182 pixels,268 pixels,24,YCbCr,JPEG (Baseline),JFIF 1.01,image/jpeg,Big endian
108265,182 pixels,268 pixels,24,YCbCr,JPEG (Baseline),JFIF 1.01,image/jpeg,Big endian
61520,182 pixels,268 pixels,24,YCbCr,JPEG (Baseline),JFIF 1.01,image/jpeg,Big endian
1489246,182 pixels,268 pixels,24,YCbCr,JPEG (Baseline),JFIF 1.01,image/jpeg,Big endian
114462,182 pixels,268 pixels,24,YCbCr,JPEG (Baseline),JFIF 1.01,image/jpeg,Big endian
48602,182 pixels,268 pixels,24,YCbCr,JPEG (Baseline),JFIF 1.01,image/jpeg,Big endian
1588170,182 pixels,268 pixels,24,YCbCr,JPEG (Baseline),JFIF 1.01,image/jpeg,Big endian
1885331,182 pixels,268 pixels,24,YCbCr,JPEG (Baseline),JFIF 1.01,image/jpeg,Big endian
1821427,182 pixels,268 pixels,24,YCbCr,JPEG (Baseline),JFIF 1.01,image/jpeg,Big endian
2737050,182 pixels,268 pixels,24,YCbCr,JPEG (Baseline),JFIF 1.01,image/jpeg,Big endian
1207926,182 pixels,268 pixels,24,YCbCr,JPEG (Baseline),JFIF 1.01,image/jpeg,Big endian
109900,182 pixels,268 pixels,24,YCbCr,JPEG (Baseline),JFIF 1.01,image/jpeg,Big endian
1722515,182 pixels,268 pixels,24,YCbCr,JPEG (Baseline),JFIF 1.01,image/jpeg,Big endian
24569,182 pixels,268 pixels,24,YCbCr,JPEG (Baseline),JFIF 1.01,image/jpeg,Big endian
90727,182 pixels,268 pixels,24,YCbCr,JPEG (Baseline),JFIF 1.01,image/jpeg,Big endian
326576,182 pixels,268 pixels,24,YCbCr,JPEG (Baseline),JFIF 1.01,image/jpeg,Big endian
55059,182 pixels,268 pixels,24,YCbCr,JPEG (Baseline),JFIF 1.01,image/jpeg,Big endian
1230126,182 pixels,268 pixels,24,YCbCr,JPEG (Baseline),JFIF 1.01,image/jpeg,Big endian
1456941,182 pixels,268 pixels,24,YCbCr,JPEG (Baseline),JFIF 1.01,image/jpeg,Big endian
422370,182 pixels,268 pixels,24,YCbCr,JPEG (Baseline),JFIF 1.01,image/jpeg,Big endian
783515,182 pixels,268 pixels,24,YCbCr,JPEG (Baseline),JFIF 1.01,image/jpeg,Big endian
120522,182 pixels,268 pixels,24,YCbCr,JPEG (Baseline),JFIF 1.01,image/jpeg,Big endian
4173494,182 pixels,268 pixels,24,YCbCr,JPEG (Baseline),JFIF 1.01,image/jpeg,Big endian
986232,182 pixels,268 pixels,24,YCbCr,JPEG (Baseline),JFIF 1.01,image/jpeg,Big endian
1444252,182 pixels,268 pixels,24,YCbCr,JPEG (Baseline),JFIF 1.01,image/jpeg,Big endian
799948,182 pixels,268 pixels,24,YCbCr,JPEG (Baseline),JFIF 1.01,image/jpeg,Big endian
115976,182 pixels,268 pixels,24,YCbCr,JPEG (Baseline),JFIF 1.01,image/jpeg,Big endian
2962876,182 pixels,268 pixels,24,YCbCr,JPEG (Baseline),JFIF 1.01,image/jpeg,Big endian
1825974,182 pixels,268 pixels,24,YCbCr,JPEG (Baseline),JFIF 1.01,image/jpeg,Big endian
292506,182 pixels,268 pixels,24,YCbCr,JPEG (Baseline),JFIF 1.01,image/jpeg,Big endian
1284575,182 pixels,268 pixels,24,YCbCr,JPEG (Baseline),JFIF 1.01,image/jpeg,Big endian
33076,182 pixels,268 pixels,24,YCbCr,JPEG (Baseline),JFIF 1.01,image/jpeg,Big endian
1020072,182 pixels,268 pixels,24,YCbCr,JPEG (Baseline),JFIF 1.01,image/jpeg,Big endian
97270,182 pixels,268 pixels,24,YCbCr,JPEG (Baseline),JFIF 1.01,image/jpeg,Big endian
3677412,182 pixels,268 pixels,24,YCbCr,JPEG (Baseline),JFIF 1.01,image/jpeg,Big endian
4221762,182 pixels,268 pixels,24,YCbCr,JPEG (Baseline),JFIF 1.01,image/jpeg,Big endian
1650393,182 pixels,268 pixels,24,YCbCr,JPEG (Baseline),JFIF 1.01,image/jpeg,Big endian
166090,182 pixels,268 pixels,24,YCbCr,JPEG (Baseline),JFIF 1.01,image/jpeg,Big endian
3962210,182 pixels,268 pixels,24,YCbCr,JPEG (Baseline),JFIF 1.01,image/jpeg,Big endian
2979302,182 pixels,268 pixels,24,YCbCr,JPEG (Baseline),JFIF 1.01,image/jpeg,Big endian
307987,182 pixels,268 pixels,24,YCbCr,JPEG (Baseline),JFIF 1.01,image/jpeg,Big endian
31148,182 pixels,268 pixels,24,YCbCr,JPEG (Baseline),JFIF 1.01,image/jpeg,Big endian
1582248,182 pixels,268 pixels,24,YCbCr,JPEG (Baseline),JFIF 1.01,image/jpeg,Big endian
102125,182 pixels,268 pixels,24,YCbCr,JPEG (Baseline),JFIF 1.01,image/jpeg,Big endian
22251,182 pixels,268 pixels,24,YCbCr,JPEG (Baseline),JFIF 1.01,image/jpeg,Big endian
62671,182 pixels,268 pixels,24,YCbCr,JPEG (Baseline),JFIF 1.01,image/jpeg,Big endian
12364,182 pixels,268 pixels,24,YCbCr,JPEG (Baseline),JFIF 1.01,image/jpeg,Big endian
1464580,182 pixels,268 pixels,24,YCbCr,JPEG (Baseline),JFIF 1.01,image/jpeg,Big endian
53848,182 pixels,268 pixels,24,YCbCr,JPEG (Baseline),JFIF 1.01,image/jpeg,Big endian
765465,182 pixels,268 pixels,24,YCbCr,JPEG (Baseline),JFIF 1.01,image/jpeg,Big endian
492619,182 pixels,268 pixels,24,YCbCr,JPEG (Baseline),JFIF 1.01,image/jpeg,Big endian
1038686,182 pixels,268 pixels,24,YCbCr,JPEG (Baseline),JFIF 1.01,image/jpeg,Big endian
3074610,182 pixels,268 pixels,24,YCbCr,JPEG (Baseline),JFIF 1.01,image/jpeg,Big endian
61876,182 pixels,268 pixels,24,YCbCr,JPEG (Baseline),JFIF 1.01,image/jpeg,Big endian
420917,182 pixels,268 pixels,24,YCbCr,JPEG (Baseline),JFIF 1.01,image/jpeg,Big endian
1763316,182 pixels,268 pixels,24,YCbCr,JPEG (Baseline),JFIF 1.01,image/jpeg,Big endian
44331,182 pixels,268 pixels,24,YCbCr,JPEG (Baseline),JFIF 1.01,image/jpeg,Big endian
76410,182 pixels,268 pixels,24,YCbCr,JPEG (Baseline),JFIF 1.01,image/jpeg,Big endian
95409,182 pixels,268 pixels,24,YCbCr,JPEG (Baseline),JFIF 1.01,image/jpeg,Big endian
27439,182 pixels,268 pixels,24,YCbCr,JPEG (Baseline),JFIF 1.01,image/jpeg,Big endian
1170402,182 pixels,268 pixels,24,YCbCr,JPEG (Baseline),JFIF 1.01,image/jpeg,Big endian
1323045,182 pixels,268 pixels,24,YCbCr,JPEG (Baseline),JFIF 1.01,image/jpeg,Big endian
1568911,182 pixels,268 pixels,24,YCbCr,JPEG (Baseline),JFIF 1.01,image/jpeg,Big endian
110999,182 pixels,268 pixels,24,YCbCr,JPEG (Baseline),JFIF 1.01,image/jpeg,Big endian
1854364,182 pixels,268 pixels,24,YCbCr,JPEG (Baseline),JFIF 1.01,image/jpeg,Big endian
1542840,182 pixels,268 pixels,24,YCbCr,JPEG (Baseline),JFIF 1.01,image/jpeg,Big endian
134178,182 pixels,268 pixels,24,YCbCr,JPEG (Baseline),JFIF 1.01,image/jpeg,Big endian
349116,182 pixels,268 pixels,24,YCbCr,JPEG (Baseline),JFIF 1.01,image/jpeg,Big endian
3669520,182 pixels,268 pixels,24,YCbCr,JPEG (Baseline),JFIF 1.01,image/jpeg,Big endian
791338,182 pixels,268 pixels,24,YCbCr,JPEG (Baseline),JFIF 1.01,image/jpeg,Big endian
238066,182 pixels,268 pixels,24,YCbCr,JPEG (Baseline),JFIF 1.01,image/jpeg,Big endian
1517160,182 pixels,268 pixels,24,YCbCr,JPEG (Baseline),JFIF 1.01,image/jpeg,Big endian
2395427,182 pixels,268 pixels,24,YCbCr,JPEG (Baseline),JFIF 1.01,image/jpeg,Big endian
3397556,182 pixels,268 pixels,24,YCbCr,JPEG (Baseline),JFIF 1.01,image/jpeg,Big endian
110527,182 pixels,268 pixels,24,YCbCr,JPEG (Baseline),JFIF 1.01,image/jpeg,Big endian
1615075,182 pixels,268 pixels,24,YCbCr,JPEG (Baseline),JFIF 1.01,image/jpeg,Big endian
53746,182 pixels,268 pixels,24,YCbCr,JPEG (Baseline),JFIF 1.01,image/jpeg,Big endian
1157552,182 pixels,268 pixels,24,YCbCr,JPEG (Baseline),JFIF 1.01,image/jpeg,Big endian
70463,182 pixels,268 pixels,24,YCbCr,JPEG (Baseline),JFIF 1.01,image/jpeg,Big endian
337585,182 pixels,268 pixels,24,YCbCr,JPEG (Baseline),JFIF 1.01,image/jpeg,Big endian
2427892,182 pixels,268 pixels,24,YCbCr,JPEG (Baseline),JFIF 1.01,image/jpeg,Big endian
226919,182 pixels,268 pixels,24,YCbCr,JPEG (Baseline),JFIF 1.01,image/jpeg,Big endian
71198,182 pixels,268 pixels,24,YCbCr,JPEG (Baseline),JFIF 1.01,image/jpeg,Big endian
106912,182 pixels,268 pixels,24,YCbCr,JPEG (Baseline),JFIF 1.01,image/jpeg,Big endian
1592265,182 pixels,268 pixels,24,YCbCr,JPEG (Baseline),JFIF 1.01,image/jpeg,Big endian
111495,182 pixels,268 pixels,24,YCbCr,JPEG (Baseline),JFIF 1.01,image/jpeg,Big endian
293416,182 pixels,268 pixels,24,YCbCr,JPEG (Baseline),JFIF 1.01,image/jpeg,Big endian
118971,182 pixels,268 pixels,24,YCbCr,JPEG (Baseline),JFIF 1.01,image/jpeg,Big endian
1204773,182 pixels,268 pixels,24,YCbCr,JPEG (Baseline),JFIF 1.01,image/jpeg,Big endian
202604,182 pixels,268 pixels,24,YCbCr,JPEG (Baseline),JFIF 1.01,image/jpeg,Big endian
44926,182 pixels,268 pixels,24,YCbCr,JPEG (Baseline),JFIF 1.01,image/jpeg,Big endian
102729,182 pixels,268 pixels,24,YCbCr,JPEG (Baseline),JFIF 1.01,image/jpeg,Big endian
906108,182 pixels,268 pixels,24,YCbCr,JPEG (Baseline),JFIF 1.01,image/jpeg,Big endian
1904996,182 pixels,268 pixels,24,YCbCr,JPEG (Baseline),JFIF 1.01,image/jpeg,Big endian
1261041,182 pixels,268 pixels,24,YCbCr,JPEG (Baseline),JFIF 1.01,image/jpeg,Big endian
3625352,182 pixels,268 pixels,24,YCbCr,JPEG (Baseline),JFIF 1.01,image/jpeg,Big endian
55805,182 pixels,268 pixels,24,YCbCr,JPEG (Baseline),JFIF 1.01,image/jpeg,Big endian
62663,182 pixels,268 pixels,24,YCbCr,JPEG (Baseline),JFIF 1.01,image/jpeg,Big endian
96094,182 pixels,268 pixels,24,YCbCr,JPEG (Baseline),JFIF 1.01,image/jpeg,Big endian
1811307,182 pixels,268 pixels,24,YCbCr,JPEG (Baseline),JFIF 1.01,image/jpeg,Big endian
27138,182 pixels,268 pixels,24,YCbCr,JPEG (Baseline),JFIF 1.01,image/jpeg,Big endian
62739,182 pixels,268 pixels,24,YCbCr,JPEG (Baseline),JFIF 1.01,image/jpeg,Big endian
3043542,182 pixels,268 pixels,24,YCbCr,JPEG (Baseline),JFIF 1.01,image/jpeg,Big endian
36984,182 pixels,268 pixels,8,Grayscale,JPEG (Baseline),JFIF 1.01,image/jpeg,Big endian
67249,182 pixels,268 pixels,24,YCbCr,JPEG (Baseline),JFIF 1.01,image/jpeg,Big endian
114550,182 pixels,268 pixels,24,YCbCr,JPEG (Baseline),JFIF 1.01,image/jpeg,Big endian
1543807,182 pixels,268 pixels,24,YCbCr,JPEG (Baseline),JFIF 1.01,image/jpeg,Big endian
118147,182 pixels,268 pixels,24,YCbCr,JPEG (Baseline),JFIF 1.01,image/jpeg,Big endian
111342,182 pixels,268 pixels,24,YCbCr,JPEG (Baseline),JFIF 1.01,image/jpeg,Big endian
1818377,182 pixels,268 pixels,24,YCbCr,JPEG (Baseline),JFIF 1.01,image/jpeg,Big endian
137427,182 pixels,268 pixels,24,YCbCr,JPEG (Baseline),JFIF 1.01,image/jpeg,Big endian
100339,182 pixels,268 pixels,24,YCbCr,JPEG (Baseline),JFIF 1.01,image/jpeg,Big endian
70511,182 pixels,268 pixels,24,YCbCr,JPEG (Baseline),JFIF 1.01,image/jpeg,Big endian
81280,182 pixels,268 pixels,24,YCbCr,JPEG (Baseline),JFIF 1.01,image/jpeg,Big endian
3142688,182 pixels,268 pixels,24,YCbCr,JPEG (Baseline),JFIF 1.01,image/jpeg,Big endian
1104814,182 pixels,268 pixels,24,YCbCr,JPEG (Baseline),JFIF 1.01,image/jpeg,Big endian
383222,182 pixels,268 pixels,24,YCbCr,JPEG (Baseline),JFIF 1.01,image/jpeg,Big endian
202909,182 pixels,268 pixels,24,YCbCr,JPEG (Baseline),JFIF 1.01,image/jpeg,Big endian
110308,182 pixels,268 pixels,24,YCbCr,JPEG (Baseline),JFIF 1.01,image/jpeg,Big endian
1702433,182 pixels,268 pixels,24,YCbCr,JPEG (Baseline),JFIF 1.01,image/jpeg,Big endian
25227,182 pixels,268 pixels,24,YCbCr,JPEG (Baseline),JFIF 1.01,image/jpeg,Big endian
419704,182 pixels,268 pixels,24,YCbCr,JPEG (Baseline),JFIF 1.01,image/jpeg,Big endian
1146325,182 pixels,268 pixels,24,YCbCr,JPEG (Baseline),JFIF 1.01,image/jpeg,Big endian
323298,182 pixels,268 pixels,24,YCbCr,JPEG (Baseline),JFIF 1.01,image/jpeg,Big endian
111157,182 pixels,268 pixels,24,YCbCr,JPEG (Baseline),JFIF 1.01,image/jpeg,Big endian
338325,182 pixels,268 pixels,24,YCbCr,JPEG (Baseline),JFIF 1.01,image/jpeg,Big endian
361693,182 pixels,268 pixels,24,YCbCr,JPEG (Baseline),JFIF 1.01,image/jpeg,Big endian
490234,182 pixels,268 pixels,24,YCbCr,JPEG (Baseline),JFIF 1.01,image/jpeg,Big endian
46451,182 pixels,268 pixels,24,YCbCr,JPEG (Baseline),JFIF 1.01,image/jpeg,Big endian
73600,182 pixels,268 pixels,24,YCbCr,JPEG (Baseline),JFIF 1.01,image/jpeg,Big endian
466816,182 pixels,268 pixels,24,YCbCr,JPEG (Baseline),JFIF 1.01,image/jpeg,Big endian
15224,182 pixels,268 pixels,24,YCbCr,JPEG (Baseline),JFIF 1.01,image/jpeg,Big endian
421229,182 pixels,268 pixels,24,YCbCr,JPEG (Baseline),JFIF 1.01,image/jpeg,Big endian
77503,182 pixels,268 pixels,24,YCbCr,JPEG (Baseline),JFIF 1.01,image/jpeg,Big endian
110889,182 pixels,268 pixels,24,YCbCr,JPEG (Baseline),JFIF 1.01,image/jpeg,Big endian
49170,182 pixels,268 pixels,24,YCbCr,JPEG (Baseline),JFIF 1.01,image/jpeg,Big endian
322008,182 pixels,268 pixels,24,YCbCr,JPEG (Baseline),JFIF 1.01,image/jpeg,Big endian
1249443,182 pixels,268 pixels,24,YCbCr,JPEG (Baseline),JFIF 1.01,image/jpeg,Big endian
59592,182 pixels,268 pixels,24,YCbCr,JPEG (Baseline),JFIF 1.01,image/jpeg,Big endian
52255,182 pixels,268 pixels,24,YCbCr,JPEG (Baseline),JFIF 1.01,image/jpeg,Big endian
2304933,182 pixels,268 pixels,24,YCbCr,JPEG (Baseline),JFIF 1.01,image/jpeg,Big endian
1778931,182 pixels,268 pixels,24,YCbCr,JPEG (Baseline),JFIF 1.01,image/jpeg,Big endian
455400,182 pixels,268 pixels,24,YCbCr,JPEG (Baseline),JFIF 1.01,image/jpeg,Big endian
2112152,182 pixels,268 pixels,24,YCbCr,JPEG (Baseline),JFIF 1.01,image/jpeg,Big endian
3083008,182 pixels,268 pixels,24,YCbCr,JPEG (Baseline),JFIF 1.01,image/jpeg,Big endian
266078,182 pixels,268 pixels,24,YCbCr,JPEG (Baseline),JFIF 1.01,image/jpeg,Big endian
3231054,182 pixels,268 pixels,24,YCbCr,JPEG (Baseline),JFIF 1.01,image/jpeg,Big endian
93505,182 pixels,268 pixels,24,YCbCr,JPEG (Baseline),JFIF 1.01,image/jpeg,Big endian
1951261,182 pixels,268 pixels,24,YCbCr,JPEG (Baseline),JFIF 1.01,image/jpeg,Big endian
28216,182 pixels,268 pixels,24,YCbCr,JPEG (Baseline),JFIF 1.01,image/jpeg,Big endian
1594972,182 pixels,268 pixels,24,YCbCr,JPEG (Baseline),JFIF 1.01,image/jpeg,Big endian
15693,182 pixels,268 pixels,24,YCbCr,JPEG (Baseline),JFIF 1.01,image/jpeg,Big endian
44078,182 pixels,268 pixels,24,YCbCr,JPEG (Baseline),JFIF 1.01,image/jpeg,Big endian
3493688,182 pixels,268 pixels,24,YCbCr,JPEG (Baseline),JFIF 1.01,image/jpeg,Big endian
910572,182 pixels,268 pixels,24,YCbCr,JPEG (Baseline),JFIF 1.01,image/jpeg,Big endian
67367,182 pixels,268 pixels,24,YCbCr,JPEG (Baseline),JFIF 1.01,image/jpeg,Big endian
94675,182 pixels,268 pixels,24,YCbCr,JPEG (Baseline),JFIF 1.01,image/jpeg,Big endian
44070,182 pixels,268 pixels,24,YCbCr,JPEG (Baseline),JFIF 1.01,image/jpeg,Big endian
106290,182 pixels,268 pixels,24,YCbCr,JPEG (Baseline),JFIF 1.01,image/jpeg,Big endian
807028,182 pixels,268 pixels,24,YCbCr,JPEG (Baseline),JFIF 1.01,image/jpeg,Big endian
99691,182 pixels,268 pixels,24,YCbCr,JPEG (Baseline),JFIF 1.01,image/jpeg,Big endian
257106,182 pixels,268 pixels,24,YCbCr,JPEG (Baseline),JFIF 1.01,image/jpeg,Big endian
1090674,182 pixels,268 pixels,24,YCbCr,JPEG (Baseline),JFIF 1.01,image/jpeg,Big endian
1129437,182 pixels,268 pixels,24,YCbCr,JPEG (Baseline),JFIF 1.01,image/jpeg,Big endian
5439464,182 pixels,268 pixels,24,YCbCr,JPEG (Baseline),JFIF 1.01,image/jpeg,Big endian
435437,182 pixels,268 pixels,24,YCbCr,JPEG (Baseline),JFIF 1.01,image/jpeg,Big endian
4263482,182 pixels,268 pixels,24,YCbCr,JPEG (Baseline),JFIF 1.01,image/jpeg,Big endian
112570,182 pixels,268 pixels,24,YCbCr,JPEG (Baseline),JFIF 1.01,image/jpeg,Big endian
64259,182 pixels,268 pixels,24,YCbCr,JPEG (Baseline),JFIF 1.01,image/jpeg,Big endian
112281,182 pixels,268 pixels,24,YCbCr,JPEG (Baseline),JFIF 1.01,image/jpeg,Big endian
77188,182 pixels,268 pixels,24,YCbCr,JPEG (Baseline),JFIF 1.01,image/jpeg,Big endian
113451,182 pixels,268 pixels,24,YCbCr,JPEG (Baseline),JFIF 1.01,image/jpeg,Big endian
436231,182 pixels,268 pixels,24,YCbCr,JPEG (Baseline),JFIF 1.01,image/jpeg,Big endian
293624,182 pixels,268 pixels,24,YCbCr,JPEG (Baseline),JFIF 1.01,image/jpeg,Big endian
109665,182 pixels,268 pixels,24,YCbCr,JPEG (Baseline),JFIF 1.01,image/jpeg,Big endian
839856,182 pixels,268 pixels,24,YCbCr,JPEG (Baseline),JFIF 1.01,image/jpeg,Big endian
59168,182 pixels,268 pixels,24,YCbCr,JPEG (Baseline),JFIF 1.01,image/jpeg,Big endian
117331,182 pixels,268 pixels,24,YCbCr,JPEG (Baseline),JFIF 1.01,image/jpeg,Big endian
4364338,182 pixels,268 pixels,24,YCbCr,JPEG (Baseline),JFIF 1.01,image/jpeg,Big endian
332706,182 pixels,268 pixels,24,YCbCr,JPEG (Baseline),JFIF 1.01,image/jpeg,Big endian
4201844,182 pixels,268 pixels,24,YCbCr,JPEG (Baseline),JFIF 1.01,image/jpeg,Big endian
498846,182 pixels,268 pixels,24,YCbCr,JPEG (Baseline),JFIF 1.01,image/jpeg,Big endian
929753,182 pixels,268 pixels,24,YCbCr,JPEG (Baseline),JFIF 1.01,image/jpeg,Big endian
59837,182 pixels,268 pixels,24,YCbCr,JPEG (Baseline),JFIF 1.01,image/jpeg,Big endian
2785032,182 pixels,268 pixels,24,YCbCr,JPEG (Baseline),JFIF 1.01,image/jpeg,Big endian
425123,182 pixels,268 pixels,24,YCbCr,JPEG (Baseline),JFIF 1.01,image/jpeg,Big endian
94847,182 pixels,268 pixels,24,YCbCr,JPEG (Baseline),JFIF 1.01,image/jpeg,Big endian
402014,182 pixels,268 pixels,24,YCbCr,JPEG (Baseline),JFIF 1.01,image/jpeg,Big endian
74256,182 pixels,268 pixels,24,YCbCr,JPEG (Baseline),JFIF 1.01,image/jpeg,Big endian
1737122,182 pixels,268 pixels,24,YCbCr,JPEG (Baseline),JFIF 1.01,image/jpeg,Big endian
107289,182 pixels,268 pixels,24,YCbCr,JPEG (Baseline),JFIF 1.01,image/jpeg,Big endian
96251,182 pixels,268 pixels,24,YCbCr,JPEG (Baseline),JFIF 1.01,image/jpeg,Big endian
5239180,182 pixels,268 pixels,24,YCbCr,JPEG (Baseline),JFIF 1.01,image/jpeg,Big endian
2176228,182 pixels,268 pixels,24,YCbCr,JPEG (Baseline),JFIF 1.01,image/jpeg,Big endian
1139641,182 pixels,268 pixels,24,YCbCr,JPEG (Baseline),JFIF 1.01,image/jpeg,Big endian
119558,182 pixels,268 pixels,24,YCbCr,JPEG (Baseline),JFIF 1.01,image/jpeg,Big endian
443706,182 pixels,268 pixels,24,YCbCr,JPEG (Baseline),JFIF 1.01,image/jpeg,Big endian
103243,182 pixels,268 pixels,24,YCbCr,JPEG (Baseline),JFIF 1.01,image/jpeg,Big endian
913445,182 pixels,268 pixels,24,YCbCr,JPEG (Baseline),JFIF 1.01,image/jpeg,Big endian
92744,182 pixels,268 pixels,24,YCbCr,JPEG (Baseline),JFIF 1.01,image/jpeg,Big endian
309530,182 pixels,268 pixels,24,YCbCr,JPEG (Baseline),JFIF 1.01,image/jpeg,Big endian
52589,182 pixels,268 pixels,24,YCbCr,JPEG (Baseline),JFIF 1.01,image/jpeg,Big endian
163862,182 pixels,268 pixels,24,YCbCr,JPEG (Baseline),JFIF 1.01,image/jpeg,Big endian
74200,182 pixels,268 pixels,24,YCbCr,JPEG (Baseline),JFIF 1.01,image/jpeg,Big endian
3442990,182 pixels,268 pixels,24,YCbCr,JPEG (Baseline),JFIF 1.01,image/jpeg,Big endian
3300542,182 pixels,268 pixels,24,YCbCr,JPEG (Baseline),JFIF 1.01,image/jpeg,Big endian
2113820,182 pixels,268 pixels,24,YCbCr,JPEG (Baseline),JFIF 1.01,image/jpeg,Big endian
5004766,182 pixels,268 pixels,24,YCbCr,JPEG (Baseline),JFIF 1.01,image/jpeg,Big endian
1337057,182 pixels,268 pixels,24,YCbCr,JPEG (Baseline),JFIF 1.01,image/jpeg,Big endian
81793,182 pixels,268 pixels,24,YCbCr,JPEG (Baseline),JFIF 1.01,image/jpeg,Big endian
1384926,182 pixels,268 pixels,24,YCbCr,JPEG (Baseline),JFIF 1.01,image/jpeg,Big endian
1792794,182 pixels,268 pixels,24,YCbCr,JPEG (Baseline),JFIF 1.01,image/jpeg,Big endian
2382298,182 pixels,268 pixels,24,YCbCr,JPEG (Baseline),JFIF 1.01,image/jpeg,Big endian
1094249,182 pixels,268 pixels,24,YCbCr,JPEG (Baseline),JFIF 1.01,image/jpeg,Big endian
871510,182 pixels,268 pixels,24,YCbCr,JPEG (Baseline),JFIF 1.01,image/jpeg,Big endian
2524822,182 pixels,268 pixels,24,YCbCr,JPEG (Baseline),JFIF 1.01,image/jpeg,Big endian
2400002,182 pixels,268 pixels,24,YCbCr,JPEG (Baseline),JFIF 1.01,image/jpeg,Big endian
69808,182 pixels,268 pixels,24,YCbCr,JPEG (Baseline),JFIF 1.01,image/jpeg,Big endian
1527679,182 pixels,268 pixels,24,YCbCr,JPEG (Baseline),JFIF 1.01,image/jpeg,Big endian
372334,182 pixels,268 pixels,24,YCbCr,JPEG (Baseline),JFIF 1.01,image/jpeg,Big endian
271383,182 pixels,268 pixels,24,YCbCr,JPEG (Baseline),JFIF 1.01,image/jpeg,Big endian
75520,182 pixels,268 pixels,24,YCbCr,JPEG (Baseline),JFIF 1.01,image/jpeg,Big endian
71359,182 pixels,268 pixels,24,YCbCr,JPEG (Baseline),JFIF 1.01,image/jpeg,Big endian
210659,182 pixels,268 pixels,24,YCbCr,JPEG (Baseline),JFIF 1.01,image/jpeg,Big endian
93383,182 pixels,268 pixels,24,YCbCr,JPEG (Baseline),JFIF 1.01,image/jpeg,Big endian
68612,182 pixels,268 pixels,24,YCbCr,JPEG (Baseline),JFIF 1.01,image/jpeg,Big endian
439182,182 pixels,268 pixels,24,YCbCr,JPEG (Baseline),JFIF 1.01,image/jpeg,Big endian
981224,182 pixels,268 pixels,24,YCbCr,JPEG (Baseline),JFIF 1.01,image/jpeg,Big endian
933876,182 pixels,268 pixels,24,YCbCr,JPEG (Baseline),JFIF 1.01,image/jpeg,Big endian
91051,182 pixels,268 pixels,24,YCbCr,JPEG (Baseline),JFIF 1.01,image/jpeg,Big endian
1403846,182 pixels,268 pixels,24,YCbCr,JPEG (Baseline),JFIF 1.01,image/jpeg,Big endian
74901,182 pixels,268 pixels,24,YCbCr,JPEG (Baseline),JFIF 1.01,image/jpeg,Big endian
2452470,182 pixels,268 pixels,24,YCbCr,JPEG (Baseline),JFIF 1.01,image/jpeg,Big endian
2175565,182 pixels,268 pixels,24,YCbCr,JPEG (Baseline),JFIF 1.01,image/jpeg,Big endian
241763,182 pixels,268 pixels,24,YCbCr,JPEG (Baseline),JFIF 1.01,image/jpeg,Big endian
1325014,182 pixels,268 pixels,24,YCbCr,JPEG (Baseline),JFIF 1.01,image/jpeg,Big endian
79073,182 pixels,268 pixels,24,YCbCr,JPEG (Baseline),JFIF 1.01,image/jpeg,Big endian
1403047,182 pixels,268 pixels,24,YCbCr,JPEG (Baseline),JFIF 1.01,image/jpeg,Big endian
4096620,182 pixels,268 pixels,24,YCbCr,JPEG (Baseline),JFIF 1.01,image/jpeg,Big endian
496673,182 pixels,268 pixels,24,YCbCr,JPEG (Baseline),JFIF 1.01,image/jpeg,Big endian
434124,182 pixels,268 pixels,24,YCbCr,JPEG (Baseline),JFIF 1.01,image/jpeg,Big endian
74207,182 pixels,268 pixels,24,YCbCr,JPEG (Baseline),JFIF 1.01,image/jpeg,Big endian
137226,182 pixels,268 pixels,24,YCbCr,JPEG (Baseline),JFIF 1.01,image/jpeg,Big endian
1961604,182 pixels,268 pixels,24,YCbCr,JPEG (Baseline),JFIF 1.01,image/jpeg,Big endian
2201221,182 pixels,268 pixels,24,YCbCr,JPEG (Baseline),JFIF 1.01,image/jpeg,Big endian
4717798,182 pixels,268 pixels,24,YCbCr,JPEG (Baseline),JFIF 1.01,image/jpeg,Big endian
282154,182 pixels,268 pixels,24,YCbCr,JPEG (Baseline),JFIF 1.01,image/jpeg,Big endian
115701,182 pixels,268 pixels,24,YCbCr,JPEG (Baseline),JFIF 1.01,image/jpeg,Big endian
242252,182 pixels,268 pixels,24,YCbCr,JPEG (Baseline),JFIF 1.01,image/jpeg,Big endian
1119614,182 pixels,268 pixels,24,YCbCr,JPEG (Baseline),JFIF 1.01,image/jpeg,Big endian
247425,182 pixels,268 pixels,24,YCbCr,JPEG (Baseline),JFIF 1.01,image/jpeg,Big endian
1756511,182 pixels,268 pixels,24,YCbCr,JPEG (Baseline),JFIF 1.01,image/jpeg,Big endian
98282,182 pixels,268 pixels,24,YCbCr,JPEG (Baseline),JFIF 1.01,image/jpeg,Big endian
2474024,182 pixels,268 pixels,24,YCbCr,JPEG (Baseline),JFIF 1.01,image/jpeg,Big endian
420136,182 pixels,268 pixels,24,YCbCr,JPEG (Baseline),JFIF 1.01,image/jpeg,Big endian
823481,182 pixels,268 pixels,24,YCbCr,JPEG (Baseline),JFIF 1.01,image/jpeg,Big endian
40582,182 pixels,268 pixels,24,YCbCr,JPEG (Baseline),JFIF 1.01,image/jpeg,Big endian
855895,182 pixels,268 pixels,24,YCbCr,JPEG (Baseline),JFIF 1.01,image/jpeg,Big endian
97613,182 pixels,268 pixels,24,YCbCr,JPEG (Baseline),JFIF 1.01,image/jpeg,Big endian
112546,182 pixels,268 pixels,24,YCbCr,JPEG (Baseline),JFIF 1.01,image/jpeg,Big endian
479354,182 pixels,268 pixels,24,YCbCr,JPEG (Baseline),JFIF 1.01,image/jpeg,Big endian
240833,182 pixels,268 pixels,24,YCbCr,JPEG (Baseline),JFIF 1.01,image/jpeg,Big endian
449086,182 pixels,268 pixels,24,YCbCr,JPEG (Baseline),JFIF 1.01,image/jpeg,Big endian
5065822,182 pixels,268 pixels,24,YCbCr,JPEG (Baseline),JFIF 1.01,image/jpeg,Big endian
976051,182 pixels,268 pixels,24,YCbCr,JPEG (Baseline),JFIF 1.01,image/jpeg,Big endian
84021,182 pixels,268 pixels,24,YCbCr,JPEG (Baseline),JFIF 1.01,image/jpeg,Big endian
84112,182 pixels,268 pixels,24,YCbCr,JPEG (Baseline),JFIF 1.01,image/jpeg,Big endian
2183070,182 pixels,268 pixels,24,YCbCr,JPEG (Baseline),JFIF 1.01,image/jpeg,Big endian
350258,182 pixels,268 pixels,24,YCbCr,JPEG (Baseline),JFIF 1.01,image/jpeg,Big endian
1411238,182 pixels,268 pixels,24,YCbCr,JPEG (Baseline),JFIF 1.01,image/jpeg,Big endian
1055366,182 pixels,268 pixels,24,YCbCr,JPEG (Baseline),JFIF 1.01,image/jpeg,Big endian
1900891,182 pixels,268 pixels,24,YCbCr,JPEG (Baseline),JFIF 1.01,image/jpeg,Big endian
113241,182 pixels,268 pixels,24,YCbCr,JPEG (Baseline),JFIF 1.01,image/jpeg,Big endian
495032,182 pixels,268 pixels,24,YCbCr,JPEG (Baseline),JFIF 1.01,image/jpeg,Big endian
1738340,182 pixels,268 pixels,24,YCbCr,JPEG (Baseline),JFIF 1.01,image/jpeg,Big endian
494199,182 pixels,268 pixels,24,YCbCr,JPEG (Baseline),JFIF 1.01,image/jpeg,Big endian
1418377,182 pixels,268 pixels,24,YCbCr,JPEG (Baseline),JFIF 1.01,image/jpeg,Big endian
3576518,182 pixels,268 pixels,24,YCbCr,JPEG (Baseline),JFIF 1.01,image/jpeg,Big endian
74412,182 pixels,268 pixels,24,YCbCr,JPEG (Baseline),JFIF 1.01,image/jpeg,Big endian
1809274,182 pixels,268 pixels,24,YCbCr,JPEG (Baseline),JFIF 1.01,image/jpeg,Big endian
113841,182 pixels,268 pixels,24,YCbCr,JPEG (Baseline),JFIF 1.01,image/jpeg,Big endian
939684,182 pixels,268 pixels,24,YCbCr,JPEG (Baseline),JFIF 1.01,image/jpeg,Big endian
1161404,182 pixels,268 pixels,24,YCbCr,JPEG (Baseline),JFIF 1.01,image/jpeg,Big endian
461770,182 pixels,268 pixels,24,YCbCr,JPEG (Baseline),JFIF 1.01,image/jpeg,Big endian
414078,182 pixels,268 pixels,24,YCbCr,JPEG (Baseline),JFIF 1.01,image/jpeg,Big endian
68205,182 pixels,268 pixels,24,YCbCr,JPEG (Baseline),JFIF 1.01,image/jpeg,Big endian
403057,182 pixels,268 pixels,24,YCbCr,JPEG (Baseline),JFIF 1.01,image/jpeg,Big endian
85807,182 pixels,268 pixels,24,YCbCr,JPEG (Baseline),JFIF 1.01,image/jpeg,Big endian
780504,182 pixels,268 pixels,24,YCbCr,JPEG (Baseline),JFIF 1.01,image/jpeg,Big endian
95357,182 pixels,268 pixels,24,YCbCr,JPEG (Baseline),JFIF 1.01,image/jpeg,Big endian
331072,182 pixels,268 pixels,24,YCbCr,JPEG (Baseline),JFIF 1.01,image/jpeg,Big endian
159251,182 pixels,268 pixels,24,YCbCr,JPEG (Baseline),JFIF 1.01,image/jpeg,Big endian
78389,182 pixels,268 pixels,24,YCbCr,JPEG (Baseline),JFIF 1.01,image/jpeg,Big endian
97892,182 pixels,268 pixels,24,YCbCr,JPEG (Baseline),JFIF 1.01,image/jpeg,Big endian
365215,182 pixels,268 pixels,24,YCbCr,JPEG (Baseline),JFIF 1.01,image/jpeg,Big endian
1236370,182 pixels,268 pixels,24,YCbCr,JPEG (Baseline),JFIF 1.01,image/jpeg,Big endian
286594,182 pixels,268 pixels,24,YCbCr,JPEG (Baseline),JFIF 1.01,image/jpeg,Big endian
2948472,182 pixels,268 pixels,24,YCbCr,JPEG (Baseline),JFIF 1.01,image/jpeg,Big endian
3609402,182 pixels,268 pixels,24,YCbCr,JPEG (Baseline),JFIF 1.01,image/jpeg,Big endian
2481202,182 pixels,268 pixels,24,YCbCr,JPEG (Baseline),JFIF 1.01,image/jpeg,Big endian
1006823,182 pixels,268 pixels,24,YCbCr,JPEG (Baseline),JFIF 1.01,image/jpeg,Big endian
3277552,182 pixels,268 pixels,24,YCbCr,JPEG (Baseline),JFIF 1.01,image/jpeg,Big endian
5164412,182 pixels,268 pixels,24,YCbCr,JPEG (Baseline),JFIF 1.01,image/jpeg,Big endian
5022872,182 pixels,268 pixels,24,YCbCr,JPEG (Baseline),JFIF 1.01,image/jpeg,Big endian
57324,182 pixels,268 pixels,24,YCbCr,JPEG (Baseline),JFIF 1.01,image/jpeg,Big endian
138749,182 pixels,268 pixels,24,YCbCr,JPEG (Baseline),JFIF 1.01,image/jpeg,Big endian
48748,182 pixels,268 pixels,24,YCbCr,JPEG (Baseline),JFIF 1.01,image/jpeg,Big endian
119642,182 pixels,268 pixels,24,YCbCr,JPEG (Baseline),JFIF 1.01,image/jpeg,Big endian
101502,182 pixels,268 pixels,24,YCbCr,JPEG (Baseline),JFIF 1.01,image/jpeg,Big endian
1320296,182 pixels,268 pixels,24,YCbCr,JPEG (Baseline),JFIF 1.01,image/jpeg,Big endian
332285,182 pixels,268 pixels,24,YCbCr,JPEG (Baseline),JFIF 1.01,image/jpeg,Big endian
800191,182 pixels,268 pixels,24,YCbCr,JPEG (Baseline),JFIF 1.01,image/jpeg,Big endian
1276105,182 pixels,268 pixels,24,YCbCr,JPEG (Baseline),JFIF 1.01,image/jpeg,Big endian
2231646,182 pixels,268 pixels,24,YCbCr,JPEG (Baseline),JFIF 1.01,image/jpeg,Big endian
3195056,182 pixels,268 pixels,24,YCbCr,JPEG (Baseline),JFIF 1.01,image/jpeg,Big endian
1972571,182 pixels,268 pixels,24,YCbCr,JPEG (Baseline),JFIF 1.01,image/jpeg,Big endian
45492,182 pixels,268 pixels,24,YCbCr,JPEG (Baseline),JFIF 1.01,image/jpeg,Big endian
1285144,182 pixels,268 pixels,24,YCbCr,JPEG (Baseline),JFIF 1.01,image/jpeg,Big endian
117898,182 pixels,268 pixels,24,YCbCr,JPEG (Baseline),JFIF 1.01,image/jpeg,Big endian
494199,182 pixels,268 pixels,24,YCbCr,JPEG (Baseline),JFIF 1.01,image/jpeg,Big endian
409527,182 pixels,268 pixels,24,YCbCr,JPEG (Baseline),JFIF 1.01,image/jpeg,Big endian
93940,182 pixels,268 pixels,24,YCbCr,JPEG (Baseline),JFIF 1.01,image/jpeg,Big endian
399934,182 pixels,268 pixels,24,YCbCr,JPEG (Baseline),JFIF 1.01,image/jpeg,Big endian
88758,182 pixels,268 pixels,24,YCbCr,JPEG (Baseline),JFIF 1.01,image/jpeg,Big endian
1764282,182 pixels,268 pixels,24,YCbCr,JPEG (Baseline),JFIF 1.01,image/jpeg,Big endian
55719,182 pixels,268 pixels,24,YCbCr,JPEG (Baseline),JFIF 1.01,image/jpeg,Big endian
337610,182 pixels,268 pixels,24,YCbCr,JPEG (Baseline),JFIF 1.01,image/jpeg,Big endian
3221698,182 pixels,268 pixels,24,YCbCr,JPEG (Baseline),JFIF 1.01,image/jpeg,Big endian
1121931,182 pixels,268 pixels,24,YCbCr,JPEG (Baseline),JFIF 1.01,image/jpeg,Big endian
34780,182 pixels,268 pixels,24,YCbCr,JPEG (Baseline),JFIF 1.01,image/jpeg,Big endian
92666,182 pixels,268 pixels,24,YCbCr,JPEG (Baseline),JFIF 1.01,image/jpeg,Big endian
3758094,182 pixels,268 pixels,24,YCbCr,JPEG (Baseline),JFIF 1.01,image/jpeg,Big endian
47872,182 pixels,268 pixels,24,YCbCr,JPEG (Baseline),JFIF 1.01,image/jpeg,Big endian
20945,182 pixels,268 pixels,24,YCbCr,JPEG (Baseline),JFIF 1.01,image/jpeg,Big endian
63781,182 pixels,268 pixels,24,YCbCr,JPEG (Baseline),JFIF 1.01,image/jpeg,Big endian
837800,182 pixels,268 pixels,24,YCbCr,JPEG (Baseline),JFIF 1.01,image/jpeg,Big endian
62395,182 pixels,268 pixels,24,YCbCr,JPEG (Baseline),JFIF 1.01,image/jpeg,Big endian
4881032,182 pixels,268 pixels,24,YCbCr,JPEG (Baseline),JFIF 1.01,image/jpeg,Big endian
400399,182 pixels,268 pixels,24,YCbCr,JPEG (Baseline),JFIF 1.01,image/jpeg,Big endian
3638012,182 pixels,268 pixels,24,YCbCr,JPEG (Baseline),JFIF 1.01,image/jpeg,Big endian
1731767,182 pixels,268 pixels,24,YCbCr,JPEG (Baseline),JFIF 1.01,image/jpeg,Big endian
96804,182 pixels,268 pixels,24,YCbCr,JPEG (Baseline),JFIF 1.01,image/jpeg,Big endian
283453,182 pixels,268 pixels,24,YCbCr,JPEG (Baseline),JFIF 1.01,image/jpeg,Big endian
60140,182 pixels,268 pixels,24,YCbCr,JPEG (Baseline),JFIF 1.01,image/jpeg,Big endian
63970,182 pixels,268 pixels,24,YCbCr,JPEG (Baseline),JFIF 1.01,image/jpeg,Big endian
475331,182 pixels,268 pixels,24,YCbCr,JPEG (Baseline),JFIF 1.01,image/jpeg,Big endian
411269,182 pixels,268 pixels,24,YCbCr,JPEG (Baseline),JFIF 1.01,image/jpeg,Big endian
32811,182 pixels,268 pixels,24,YCbCr,JPEG (Baseline),JFIF 1.01,image/jpeg,Big endian
36566,182 pixels,268 pixels,24,YCbCr,JPEG (Baseline),JFIF 1.01,image/jpeg,Big endian
2174896,182 pixels,268 pixels,24,YCbCr,JPEG (Baseline),JFIF 1.01,image/jpeg,Big endian
1567215,182 pixels,268 pixels,24,YCbCr,JPEG (Baseline),JFIF 1.01,image/jpeg,Big endian
61015,182 pixels,268 pixels,24,YCbCr,JPEG (Baseline),JFIF 1.01,image/jpeg,Big endian
1288376,182 pixels,268 pixels,24,YCbCr,JPEG (Baseline),JFIF 1.01,image/jpeg,Big endian
1037133,182 pixels,268 pixels,24,YCbCr,JPEG (Baseline),JFIF 1.01,image/jpeg,Big endian
371939,182 pixels,268 pixels,24,YCbCr,JPEG (Baseline),JFIF 1.01,image/jpeg,Big endian
472113,182 pixels,268 pixels,24,YCbCr,JPEG (Baseline),JFIF 1.01,image/jpeg,Big endian
476519,182 pixels,268 pixels,24,YCbCr,JPEG (Baseline),JFIF 1.01,image/jpeg,Big endian
112679,182 pixels,268 pixels,24,YCbCr,JPEG (Baseline),JFIF 1.01,image/jpeg,Big endian
2818654,182 pixels,268 pixels,24,YCbCr,JPEG (Baseline),JFIF 1.01,image/jpeg,Big endian
3429354,182 pixels,268 pixels,24,YCbCr,JPEG (Baseline),JFIF 1.01,image/jpeg,Big endian
423868,182 pixels,268 pixels,24,YCbCr,JPEG (Baseline),JFIF 1.01,image/jpeg,Big endian
73373,182 pixels,268 pixels,24,YCbCr,JPEG (Baseline),JFIF 1.01,image/jpeg,Big endian
108170,182 pixels,268 pixels,24,YCbCr,JPEG (Baseline),JFIF 1.01,image/jpeg,Big endian
935086,182 pixels,268 pixels,24,YCbCr,JPEG (Baseline),JFIF 1.01,image/jpeg,Big endian
2409634,182 pixels,268 pixels,24,YCbCr,JPEG (Baseline),JFIF 1.01,image/jpeg,Big endian
2081194,182 pixels,268 pixels,24,YCbCr,JPEG (Baseline),JFIF 1.01,image/jpeg,Big endian
120601,182 pixels,268 pixels,24,YCbCr,JPEG (Baseline),JFIF 1.01,image/jpeg,Big endian
795426,182 pixels,268 pixels,24,YCbCr,JPEG (Baseline),JFIF 1.01,image/jpeg,Big endian
49042,182 pixels,268 pixels,24,YCbCr,JPEG (Baseline),JFIF 1.01,image/jpeg,Big endian
1735200,182 pixels,268 pixels,24,YCbCr,JPEG (Baseline),JFIF 1.01,image/jpeg,Big endian
1437849,182 pixels,268 pixels,24,YCbCr,JPEG (Baseline),JFIF 1.01,image/jpeg,Big endian
166383,182 pixels,268 pixels,24,YCbCr,JPEG (Baseline),JFIF 1.01,image/jpeg,Big endian
80319,182 pixels,268 pixels,24,YCbCr,JPEG (Baseline),JFIF 1.01,image/jpeg,Big endian
35605,182 pixels,268 pixels,24,YCbCr,JPEG (Baseline),JFIF 1.01,image/jpeg,Big endian
1596365,182 pixels,268 pixels,24,YCbCr,JPEG (Baseline),JFIF 1.01,image/jpeg,Big endian
29864,182 pixels,268 pixels,24,YCbCr,JPEG (Baseline),JFIF 1.01,image/jpeg,Big endian
87928,182 pixels,268 pixels,24,YCbCr,JPEG (Baseline),JFIF 1.01,image/jpeg,Big endian
3289728,182 pixels,268 pixels,24,YCbCr,JPEG (Baseline),JFIF 1.01,image/jpeg,Big endian
114534,182 pixels,268 pixels,24,YCbCr,JPEG (Baseline),JFIF 1.01,image/jpeg,Big endian
3547900,182 pixels,268 pixels,24,YCbCr,JPEG (Baseline),JFIF 1.01,image/jpeg,Big endian
910855,182 pixels,268 pixels,24,YCbCr,JPEG (Baseline),JFIF 1.01,image/jpeg,Big endian
103776,182 pixels,268 pixels,24,YCbCr,JPEG (Baseline),JFIF 1.01,image/jpeg,Big endian
3741860,182 pixels,268 pixels,24,YCbCr,JPEG (Baseline),JFIF 1.01,image/jpeg,Big endian
1447495,182 pixels,268 pixels,24,YCbCr,JPEG (Baseline),JFIF 1.01,image/jpeg,Big endian
251127,182 pixels,268 pixels,24,YCbCr,JPEG (Baseline),JFIF 1.01,image/jpeg,Big endian
117238,182 pixels,268 pixels,24,YCbCr,JPEG (Baseline),JFIF 1.01,image/jpeg,Big endian
318283,182 pixels,268 pixels,24,YCbCr,JPEG (Baseline),JFIF 1.01,image/jpeg,Big endian
66319,182 pixels,268 pixels,24,YCbCr,JPEG (Baseline),JFIF 1.01,image/jpeg,Big endian
1365637,182 pixels,268 pixels,24,YCbCr,JPEG (Baseline),JFIF 1.01,image/jpeg,Big endian
2341664,182 pixels,268 pixels,24,YCbCr,JPEG (Baseline),JFIF 1.01,image/jpeg,Big endian
3892384,182 pixels,268 pixels,24,YCbCr,JPEG (Baseline),JFIF 1.01,image/jpeg,Big endian
2786278,182 pixels,268 pixels,24,YCbCr,JPEG (Baseline),JFIF 1.01,image/jpeg,Big endian
59678,182 pixels,268 pixels,24,YCbCr,JPEG (Baseline),JFIF 1.01,image/jpeg,Big endian
22054,182 pixels,268 pixels,24,YCbCr,JPEG (Baseline),JFIF 1.01,image/jpeg,Big endian
72037,182 pixels,268 pixels,24,YCbCr,JPEG (Baseline),JFIF 1.01,image/jpeg,Big endian
1208664,182 pixels,268 pixels,24,YCbCr,JPEG (Baseline),JFIF 1.01,image/jpeg,Big endian
109378,182 pixels,268 pixels,24,YCbCr,JPEG (Baseline),JFIF 1.01,image/jpeg,Big endian
53935,182 pixels,268 pixels,24,YCbCr,JPEG (Baseline),JFIF 1.01,image/jpeg,Big endian
1540814,182 pixels,268 pixels,24,YCbCr,JPEG (Baseline),JFIF 1.01,image/jpeg,Big endian
1651118,182 pixels,268 pixels,24,YCbCr,JPEG (Baseline),JFIF 1.01,image/jpeg,Big endian
119535,182 pixels,268 pixels,24,YCbCr,JPEG (Baseline),JFIF 1.01,image/jpeg,Big endian
4694404,182 pixels,268 pixels,24,YCbCr,JPEG (Baseline),JFIF 1.01,image/jpeg,Big endian
97336,182 pixels,268 pixels,24,YCbCr,JPEG (Baseline),JFIF 1.01,image/jpeg,Big endian
1587310,182 pixels,268 pixels,24,YCbCr,JPEG (Baseline),JFIF 1.01,image/jpeg,Big endian
100419,182 pixels,268 pixels,24,YCbCr,JPEG (Baseline),JFIF 1.01,image/jpeg,Big endian
1322277,182 pixels,268 pixels,24,YCbCr,JPEG (Baseline),JFIF 1.01,image/jpeg,Big endian
3447364,182 pixels,268 pixels,24,YCbCr,JPEG (Baseline),JFIF 1.01,image/jpeg,Big endian
116531,182 pixels,268 pixels,24,YCbCr,JPEG (Baseline),JFIF 1.01,image/jpeg,Big endian
112319,182 pixels,268 pixels,24,YCbCr,JPEG (Baseline),JFIF 1.01,image/jpeg,Big endian
2403393,182 pixels,268 pixels,24,YCbCr,JPEG (Baseline),JFIF 1.01,image/jpeg,Big endian
109666,182 pixels,268 pixels,24,YCbCr,JPEG (Baseline),JFIF 1.01,image/jpeg,Big endian
50546,182 pixels,268 pixels,24,YCbCr,JPEG (Baseline),JFIF 1.01,image/jpeg,Big endian
491244,182 pixels,268 pixels,24,YCbCr,JPEG (Baseline),JFIF 1.01,image/jpeg,Big endian
63740,182 pixels,268 pixels,24,YCbCr,JPEG (Baseline),JFIF 1.01,image/jpeg,Big endian
70354,182 pixels,268 pixels,24,YCbCr,JPEG (Baseline),JFIF 1.01,image/jpeg,Big endian
92038,182 pixels,268 pixels,24,YCbCr,JPEG (Baseline),JFIF 1.01,image/jpeg,Big endian
2256858,182 pixels,268 pixels,24,YCbCr,JPEG (Baseline),JFIF 1.01,image/jpeg,Big endian
426955,182 pixels,268 pixels,24,YCbCr,JPEG (Baseline),JFIF 1.01,image/jpeg,Big endian
336618,182 pixels,268 pixels,24,YCbCr,JPEG (Baseline),JFIF 1.01,image/jpeg,Big endian
96337,182 pixels,268 pixels,24,YCbCr,JPEG (Baseline),JFIF 1.01,image/jpeg,Big endian
43303,182 pixels,268 pixels,24,YCbCr,JPEG (Baseline),JFIF 1.01,image/jpeg,Big endian
2093944,182 pixels,268 pixels,24,YCbCr,JPEG (Baseline),JFIF 1.01,image/jpeg,Big endian
120391,182 pixels,268 pixels,24,YCbCr,JPEG (Baseline),JFIF 1.01,image/jpeg,Big endian
94075,182 pixels,268 pixels,24,YCbCr,JPEG (Baseline),JFIF 1.01,image/jpeg,Big endian
1196165,182 pixels,268 pixels,24,YCbCr,JPEG (Baseline),JFIF 1.01,image/jpeg,Big endian
46534,182 pixels,268 pixels,24,YCbCr,JPEG (Baseline),JFIF 1.01,image/jpeg,Big endian
36977,182 pixels,268 pixels,24,YCbCr,JPEG (Baseline),JFIF 1.01,image/jpeg,Big endian
431619,182 pixels,268 pixels,24,YCbCr,JPEG (Baseline),JFIF 1.01,image/jpeg,Big endian
406759,182 pixels,268 pixels,24,YCbCr,JPEG (Baseline),JFIF 1.01,image/jpeg,Big endian
1517260,182 pixels,268 pixels,24,YCbCr,JPEG (Baseline),JFIF 1.01,image/jpeg,Big endian
844462,182 pixels,268 pixels,24,YCbCr,JPEG (Baseline),JFIF 1.01,image/jpeg,Big endian
85404,182 pixels,268 pixels,24,YCbCr,JPEG (Baseline),JFIF 1.01,image/jpeg,Big endian
97758,182 pixels,268 pixels,24,YCbCr,JPEG (Baseline),JFIF 1.01,image/jpeg,Big endian
2717528,182 pixels,268 pixels,24,YCbCr,JPEG (Baseline),JFIF 1.01,image/jpeg,Big endian
108956,182 pixels,268 pixels,24,YCbCr,JPEG (Baseline),JFIF 1.01,image/jpeg,Big endian
1385956,182 pixels,268 pixels,24,YCbCr,JPEG (Baseline),JFIF 1.01,image/jpeg,Big endian
62373,182 pixels,268 pixels,24,YCbCr,JPEG (Baseline),JFIF 1.01,image/jpeg,Big endian
241303,182 pixels,268 pixels,24,YCbCr,JPEG (Baseline),JFIF 1.01,image/jpeg,Big endian
382847,182 pixels,268 pixels,24,YCbCr,JPEG (Baseline),JFIF 1.01,image/jpeg,Big endian
1145479,182 pixels,268 pixels,24,YCbCr,JPEG (Baseline),JFIF 1.01,image/jpeg,Big endian
227858,182 pixels,268 pixels,24,YCbCr,JPEG (Baseline),JFIF 1.01,image/jpeg,Big endian
3707114,182 pixels,268 pixels,24,YCbCr,JPEG (Baseline),JFIF 1.01,image/jpeg,Big endian
1509130,182 pixels,268 pixels,24,YCbCr,JPEG (Baseline),JFIF 1.01,image/jpeg,Big endian
91148,182 pixels,268 pixels,24,YCbCr,JPEG (Baseline),JFIF 1.01,image/jpeg,Big endian
1480656,182 pixels,268 pixels,24,YCbCr,JPEG (Baseline),JFIF 1.01,image/jpeg,Big endian
18618,182 pixels,268 pixels,24,YCbCr,JPEG (Baseline),JFIF 1.01,image/jpeg,Big endian
42488,182 pixels,268 pixels,24,YCbCr,JPEG (Baseline),JFIF 1.01,image/jpeg,Big endian
4687464,182 pixels,268 pixels,24,YCbCr,JPEG (Baseline),JFIF 1.01,image/jpeg,Big endian
182299,182 pixels,268 pixels,24,YCbCr,JPEG (Baseline),JFIF 1.01,image/jpeg,Big endian
91167,182 pixels,268 pixels,24,YCbCr,JPEG (Baseline),JFIF 1.01,image/jpeg,Big endian
20198,182 pixels,268 pixels,24,YCbCr,JPEG (Baseline),JFIF 1.01,image/jpeg,Big endian
265212,182 pixels,268 pixels,24,YCbCr,JPEG (Baseline),JFIF 1.01,image/jpeg,Big endian
4387040,182 pixels,268 pixels,24,YCbCr,JPEG (Baseline),JFIF 1.01,image/jpeg,Big endian
56884,182 pixels,268 pixels,24,YCbCr,JPEG (Baseline),JFIF 1.01,image/jpeg,Big endian
217788,182 pixels,268 pixels,24,YCbCr,JPEG (Baseline),JFIF 1.01,image/jpeg,Big endian
3091552,182 pixels,268 pixels,24,YCbCr,JPEG (Baseline),JFIF 1.01,image/jpeg,Big endian
1638979,182 pixels,268 pixels,24,YCbCr,JPEG (Baseline),JFIF 1.01,image/jpeg,Big endian
2831414,182 pixels,268 pixels,24,YCbCr,JPEG (Baseline),JFIF 1.01,image/jpeg,Big endian
368563,182 pixels,268 pixels,24,YCbCr,JPEG (Baseline),JFIF 1.01,image/jpeg,Big endian
51459,182 pixels,268 pixels,24,YCbCr,JPEG (Baseline),JFIF 1.01,image/jpeg,Big endian
1403177,182 pixels,268 pixels,24,YCbCr,JPEG (Baseline),JFIF 1.01,image/jpeg,Big endian
1156528,182 pixels,268 pixels,24,YCbCr,JPEG (Baseline),JFIF 1.01,image/jpeg,Big endian
467867,182 pixels,268 pixels,24,YCbCr,JPEG (Baseline),JFIF 1.01,image/jpeg,Big endian
23659,182 pixels,268 pixels,24,YCbCr,JPEG (Baseline),JFIF 1.01,image/jpeg,Big endian
2175669,182 pixels,268 pixels,24,YCbCr,JPEG (Baseline),JFIF 1.01,image/jpeg,Big endian
280474,182 pixels,268 pixels,24,YCbCr,JPEG (Baseline),JFIF 1.01,image/jpeg,Big endian
212815,182 pixels,268 pixels,24,YCbCr,JPEG (Baseline),JFIF 1.01,image/jpeg,Big endian
2740710,182 pixels,268 pixels,24,YCbCr,JPEG (Baseline),JFIF 1.01,image/jpeg,Big endian
92675,182 pixels,268 pixels,24,YCbCr,JPEG (Baseline),JFIF 1.01,image/jpeg,Big endian
80806,182 pixels,268 pixels,24,YCbCr,JPEG (Baseline),JFIF 1.01,image/jpeg,Big endian
2535470,182 pixels,268 pixels,24,YCbCr,JPEG (Baseline),JFIF 1.01,image/jpeg,Big endian
397501,182 pixels,268 pixels,24,YCbCr,JPEG (Baseline),JFIF 1.01,image/jpeg,Big endian
1606652,182 pixels,268 pixels,24,YCbCr,JPEG (Baseline),JFIF 1.01,image/jpeg,Big endian
3174376,182 pixels,268 pixels,24,YCbCr,JPEG (Baseline),JFIF 1.01,image/jpeg,Big endian
293176,182 pixels,268 pixels,24,YCbCr,JPEG (Baseline),JFIF 1.01,image/jpeg,Big endian
33169,182 pixels,268 pixels,24,YCbCr,JPEG (Baseline),JFIF 1.01,image/jpeg,Big endian
61595,182 pixels,268 pixels,24,YCbCr,JPEG (Baseline),JFIF 1.01,image/jpeg,Big endian
71089,182 pixels,268 pixels,24,YCbCr,JPEG (Baseline),JFIF 1.01,image/jpeg,Big endian
117119,182 pixels,268 pixels,24,YCbCr,JPEG (Baseline),JFIF 1.01,image/jpeg,Big endian
2216212,182 pixels,268 pixels,24,YCbCr,JPEG (Baseline),JFIF 1.01,image/jpeg,Big endian
3626180,182 pixels,268 pixels,24,YCbCr,JPEG (Baseline),JFIF 1.01,image/jpeg,Big endian
1265990,182 pixels,268 pixels,24,YCbCr,JPEG (Baseline),JFIF 1.01,image/jpeg,Big endian
54476,182 pixels,268 pixels,24,YCbCr,JPEG (Baseline),JFIF 1.01,image/jpeg,Big endian
2483260,182 pixels,268 pixels,24,YCbCr,JPEG (Baseline),JFIF 1.01,image/jpeg,Big endian
4747848,182 pixels,268 pixels,24,YCbCr,JPEG (Baseline),JFIF 1.01,image/jpeg,Big endian
333766,182 pixels,268 pixels,24,YCbCr,JPEG (Baseline),JFIF 1.01,image/jpeg,Big endian
2172934,182 pixels,268 pixels,24,YCbCr,JPEG (Baseline),JFIF 1.01,image/jpeg,Big endian
110907,182 pixels,268 pixels,24,YCbCr,JPEG (Baseline),JFIF 1.01,image/jpeg,Big endian
3062976,182 pixels,268 pixels,24,YCbCr,JPEG (Baseline),JFIF 1.01,image/jpeg,Big endian
55614,182 pixels,268 pixels,24,YCbCr,JPEG (Baseline),JFIF 1.01,image/jpeg,Big endian
119505,182 pixels,268 pixels,24,YCbCr,JPEG (Baseline),JFIF 1.01,image/jpeg,Big endian
107046,182 pixels,268 pixels,24,YCbCr,JPEG (Baseline),JFIF 1.01,image/jpeg,Big endian
390632,182 pixels,268 pixels,24,YCbCr,JPEG (Baseline),JFIF 1.01,image/jpeg,Big endian
93828,182 pixels,268 pixels,24,YCbCr,JPEG (Baseline),JFIF 1.01,image/jpeg,Big endian
1699147,182 pixels,268 pixels,24,YCbCr,JPEG (Baseline),JFIF 1.01,image/jpeg,Big endian
109439,182 pixels,268 pixels,24,YCbCr,JPEG (Baseline),JFIF 1.01,image/jpeg,Big endian
3400688,182 pixels,268 pixels,24,YCbCr,JPEG (Baseline),JFIF 1.01,image/jpeg,Big endian
106217,182 pixels,268 pixels,24,YCbCr,JPEG (Baseline),JFIF 1.01,image/jpeg,Big endian
103045,182 pixels,268 pixels,24,YCbCr,JPEG (Baseline),JFIF 1.01,image/jpeg,Big endian
112792,182 pixels,268 pixels,24,YCbCr,JPEG (Baseline),JFIF 1.01,image/jpeg,Big endian
1217426,182 pixels,268 pixels,24,YCbCr,JPEG (Baseline),JFIF 1.01,image/jpeg,Big endian
477071,182 pixels,268 pixels,24,YCbCr,JPEG (Baseline),JFIF 1.01,image/jpeg,Big endian
3288948,182 pixels,268 pixels,24,YCbCr,JPEG (Baseline),JFIF 1.01,image/jpeg,Big endian
448400,182 pixels,268 pixels,24,YCbCr,JPEG (Baseline),JFIF 1.01,image/jpeg,Big endian
2064968,182 pixels,268 pixels,24,YCbCr,JPEG (Baseline),JFIF 1.01,image/jpeg,Big endian
2808986,182 pixels,268 pixels,24,YCbCr,JPEG (Baseline),JFIF 1.01,image/jpeg,Big endian
434440,182 pixels,268 pixels,24,YCbCr,JPEG (Baseline),JFIF 1.01,image/jpeg,Big endian
337563,182 pixels,268 pixels,24,YCbCr,JPEG (Baseline),JFIF 1.01,image/jpeg,Big endian
3284178,182 pixels,268 pixels,24,YCbCr,JPEG (Baseline),JFIF 1.01,image/jpeg,Big endian
48119,182 pixels,268 pixels,24,YCbCr,JPEG (Baseline),JFIF 1.01,image/jpeg,Big endian
1241329,182 pixels,268 pixels,24,YCbCr,JPEG (Baseline),JFIF 1.01,image/jpeg,Big endian
50084,182 pixels,268 pixels,24,YCbCr,JPEG (Baseline),JFIF 1.01,image/jpeg,Big endian
1692957,182 pixels,268 pixels,24,YCbCr,JPEG (Baseline),JFIF 1.01,image/jpeg,Big endian
100975,182 pixels,268 pixels,24,YCbCr,JPEG (Baseline),JFIF 1.01,image/jpeg,Big endian
71362,182 pixels,268 pixels,24,YCbCr,JPEG (Baseline),JFIF 1.01,image/jpeg,Big endian
324013,182 pixels,268 pixels,24,YCbCr,JPEG (Baseline),JFIF 1.01,image/jpeg,Big endian
120307,182 pixels,268 pixels,24,YCbCr,JPEG (Baseline),JFIF 1.01,image/jpeg,Big endian
72267,182 pixels,268 pixels,24,YCbCr,JPEG (Baseline),JFIF 1.01,image/jpeg,Big endian
475289,182 pixels,268 pixels,24,YCbCr,JPEG (Baseline),JFIF 1.01,image/jpeg,Big endian
1634524,182 pixels,268 pixels,24,YCbCr,JPEG (Baseline),JFIF 1.01,image/jpeg,Big endian
411061,182 pixels,268 pixels,24,YCbCr,JPEG (Baseline),JFIF 1.01,image/jpeg,Big endian
398017,182 pixels,268 pixels,24,YCbCr,JPEG (Baseline),JFIF 1.01,image/jpeg,Big endian
46204,182 pixels,268 pixels,24,YCbCr,JPEG (Baseline),JFIF 1.01,image/jpeg,Big endian
25189,182 pixels,268 pixels,24,YCbCr,JPEG (Baseline),JFIF 1.01,image/jpeg,Big endian
1067920,182 pixels,268 pixels,24,YCbCr,JPEG (Baseline),JFIF 1.01,image/jpeg,Big endian
32153,182 pixels,268 pixels,24,YCbCr,JPEG (Baseline),JFIF 1.01,image/jpeg,Big endian
71406,182 pixels,268 pixels,24,YCbCr,JPEG (Baseline),JFIF 1.01,image/jpeg,Big endian
1452291,182 pixels,268 pixels,24,YCbCr,JPEG (Baseline),JFIF 1.01,image/jpeg,Big endian
90667,182 pixels,268 pixels,24,YCbCr,JPEG (Baseline),JFIF 1.01,image/jpeg,Big endian
995747,182 pixels,268 pixels,24,YCbCr,JPEG (Baseline),JFIF 1.01,image/jpeg,Big endian
56020,182 pixels,268 pixels,24,YCbCr,JPEG (Baseline),JFIF 1.01,image/jpeg,Big endian
85868,182 pixels,268 pixels,24,YCbCr,JPEG (Baseline),JFIF 1.01,image/jpeg,Big endian
54107,182 pixels,268 pixels,24,YCbCr,JPEG (Baseline),JFIF 1.01,image/jpeg,Big endian
178737,182 pixels,268 pixels,24,YCbCr,JPEG (Baseline),JFIF 1.01,image/jpeg,Big endian
2048807,182 pixels,268 pixels,24,YCbCr,JPEG (Baseline),JFIF 1.01,image/jpeg,Big endian
105859,182 pixels,268 pixels,24,YCbCr,JPEG (Baseline),JFIF 1.01,image/jpeg,Big endian
2505856,182 pixels,268 pixels,24,YCbCr,JPEG (Baseline),JFIF 1.01,image/jpeg,Big endian
2822584,182 pixels,268 pixels,24,YCbCr,JPEG (Baseline),JFIF 1.01,image/jpeg,Big endian
8879,182 pixels,268 pixels,24,YCbCr,JPEG (Baseline),JFIF 1.01,image/jpeg,Big endian
2064865,182 pixels,268 pixels,24,YCbCr,JPEG (Baseline),JFIF 1.01,image/jpeg,Big endian
4911408,182 pixels,268 pixels,24,YCbCr,JPEG (Baseline),JFIF 1.01,image/jpeg,Big endian
1747924,182 pixels,268 pixels,24,YCbCr,JPEG (Baseline),JFIF 1.01,image/jpeg,Big endian
1149362,182 pixels,268 pixels,24,YCbCr,JPEG (Baseline),JFIF 1.01,image/jpeg,Big endian
67787,182 pixels,268 pixels,24,YCbCr,JPEG (Baseline),JFIF 1.01,image/jpeg,Big endian
79359,182 pixels,268 pixels,24,YCbCr,JPEG (Baseline),JFIF 1.01,image/jpeg,Big endian
2006810,182 pixels,268 pixels,24,YCbCr,JPEG (Baseline),JFIF 1.01,image/jpeg,Big endian
1131729,182 pixels,268 pixels,24,YCbCr,JPEG (Baseline),JFIF 1.01,image/jpeg,Big endian
90888,182 pixels,268 pixels,24,YCbCr,JPEG (Baseline),JFIF 1.01,image/jpeg,Big endian
3316948,182 pixels,268 pixels,24,YCbCr,JPEG (Baseline),JFIF 1.01,image/jpeg,Big endian
2445178,182 pixels,268 pixels,24,YCbCr,JPEG (Baseline),JFIF 1.01,image/jpeg,Big endian
112549,182 pixels,268 pixels,24,YCbCr,JPEG (Baseline),JFIF 1.01,image/jpeg,Big endian
66011,182 pixels,268 pixels,24,YCbCr,JPEG (Baseline),JFIF 1.01,image/jpeg,Big endian
891520,182 pixels,268 pixels,24,YCbCr,JPEG (Baseline),JFIF 1.01,image/jpeg,Big endian
42054,182 pixels,268 pixels,24,YCbCr,JPEG (Baseline),JFIF 1.01,image/jpeg,Big endian
464907,182 pixels,268 pixels,24,YCbCr,JPEG (Baseline),JFIF 1.01,image/jpeg,Big endian
1674047,182 pixels,268 pixels,24,YCbCr,JPEG (Baseline),JFIF 1.01,image/jpeg,Big endian
372594,182 pixels,268 pixels,24,YCbCr,JPEG (Baseline),JFIF 1.01,image/jpeg,Big endian
1852904,182 pixels,268 pixels,24,YCbCr,JPEG (Baseline),JFIF 1.01,image/jpeg,Big endian
2073086,182 pixels,268 pixels,24,YCbCr,JPEG (Baseline),JFIF 1.01,image/jpeg,Big endian
365770,182 pixels,268 pixels,24,YCbCr,JPEG (Baseline),JFIF 1.01,image/jpeg,Big endian
67256,182 pixels,268 pixels,24,YCbCr,JPEG (Baseline),JFIF 1.01,image/jpeg,Big endian
85518,182 pixels,268 pixels,24,YCbCr,JPEG (Baseline),JFIF 1.01,image/jpeg,Big endian
110443,182 pixels,268 pixels,24,YCbCr,JPEG (Baseline),JFIF 1.01,image/jpeg,Big endian
491145,182 pixels,268 pixels,24,YCbCr,JPEG (Baseline),JFIF 1.01,image/jpeg,Big endian
96913,182 pixels,268 pixels,24,YCbCr,JPEG (Baseline),JFIF 1.01,image/jpeg,Big endian
1723659,182 pixels,268 pixels,24,YCbCr,JPEG (Baseline),JFIF 1.01,image/jpeg,Big endian
171049,182 pixels,268 pixels,24,YCbCr,JPEG (Baseline),JFIF 1.01,image/jpeg,Big endian
2011276,182 pixels,268 pixels,24,YCbCr,JPEG (Baseline),JFIF 1.01,image/jpeg,Big endian
71646,182 pixels,268 pixels,24,YCbCr,JPEG (Baseline),JFIF 1.01,image/jpeg,Big endian
963194,182 pixels,268 pixels,24,YCbCr,JPEG (Baseline),JFIF 1.01,image/jpeg,Big endian
211946,182 pixels,268 pixels,24,YCbCr,JPEG (Baseline),JFIF 1.01,image/jpeg,Big endian
3477554,182 pixels,268 pixels,24,YCbCr,JPEG (Baseline),JFIF 1.01,image/jpeg,Big endian
3469960,182 pixels,268 pixels,24,YCbCr,JPEG (Baseline),JFIF 1.01,image/jpeg,Big endian
1545103,182 pixels,268 pixels,24,YCbCr,JPEG (Baseline),JFIF 1.01,image/jpeg,Big endian
1225290,182 pixels,268 pixels,24,YCbCr,JPEG (Baseline),JFIF 1.01,image/jpeg,Big endian
1176686,182 pixels,268 pixels,24,YCbCr,JPEG (Baseline),JFIF 1.01,image/jpeg,Big endian
2078552,182 pixels,268 pixels,24,YCbCr,JPEG (Baseline),JFIF 1.01,image/jpeg,Big endian
1035736,182 pixels,268 pixels,24,YCbCr,JPEG (Baseline),JFIF 1.01,image/jpeg,Big endian
4447108,182 pixels,268 pixels,24,YCbCr,JPEG (Baseline),JFIF 1.01,image/jpeg,Big endian
82853,182 pixels,268 pixels,24,YCbCr,JPEG (Baseline),JFIF 1.01,image/jpeg,Big endian
202223,182 pixels,268 pixels,24,YCbCr,JPEG (Baseline),JFIF 1.01,image/jpeg,Big endian
108283,182 pixels,268 pixels,24,YCbCr,JPEG (Baseline),JFIF 1.01,image/jpeg,Big endian
173772,182 pixels,268 pixels,24,YCbCr,JPEG (Baseline),JFIF 1.01,image/jpeg,Big endian
110115,182 pixels,268 pixels,24,YCbCr,JPEG (Baseline),JFIF 1.01,image/jpeg,Big endian
1567130,182 pixels,268 pixels,24,YCbCr,JPEG (Baseline),JFIF 1.01,image/jpeg,Big endian
331282,182 pixels,268 pixels,24,YCbCr,JPEG (Baseline),JFIF 1.01,image/jpeg,Big endian
1683890,182 pixels,268 pixels,24,YCbCr,JPEG (Baseline),JFIF 1.01,image/jpeg,Big endian
3696774,182 pixels,268 pixels,24,YCbCr,JPEG (Baseline),JFIF 1.01,image/jpeg,Big endian
81470,182 pixels,268 pixels,24,YCbCr,JPEG (Baseline),JFIF 1.01,image/jpeg,Big endian
32850,182 pixels,268 pixels,24,YCbCr,JPEG (Baseline),JFIF 1.01,image/jpeg,Big endian
1002959,182 pixels,268 pixels,24,YCbCr,JPEG (Baseline),JFIF 1.01,image/jpeg,Big endian
112864,182 pixels,268 pixels,24,YCbCr,JPEG (Baseline),JFIF 1.01,image/jpeg,Big endian
134756,182 pixels,268 pixels,24,YCbCr,JPEG (Baseline),JFIF 1.01,image/jpeg,Big endian
344510,182 pixels,268 pixels,24,YCbCr,JPEG (Baseline),JFIF 1.01,image/jpeg,Big endian
1214962,182 pixels,268 pixels,24,YCbCr,JPEG (Baseline),JFIF 1.01,image/jpeg,Big endian
960835,182 pixels,268 pixels,24,YCbCr,JPEG (Baseline),JFIF 1.01,image/jpeg,Big endian
83652,182 pixels,268 pixels,24,YCbCr,JPEG (Baseline),JFIF 1.01,image/jpeg,Big endian
63500,182 pixels,268 pixels,24,YCbCr,JPEG (Baseline),JFIF 1.01,image/jpeg,Big endian
68173,182 pixels,268 pixels,24,YCbCr,JPEG (Baseline),JFIF 1.01,image/jpeg,Big endian
445946,182 pixels,268 pixels,24,YCbCr,JPEG (Baseline),JFIF 1.01,image/jpeg,Big endian
352994,182 pixels,268 pixels,24,YCbCr,JPEG (Baseline),JFIF 1.01,image/jpeg,Big endian
4266638,182 pixels,268 pixels,24,YCbCr,JPEG (Baseline),JFIF 1.01,image/jpeg,Big endian
58753,182 pixels,268 pixels,24,YCbCr,JPEG (Baseline),JFIF 1.01,image/jpeg,Big endian
258816,182 pixels,268 pixels,24,YCbCr,JPEG (Baseline),JFIF 1.01,image/jpeg,Big endian
88740,182 pixels,268 pixels,24,YCbCr,JPEG (Baseline),JFIF 1.01,image/jpeg,Big endian
288491,182 pixels,268 pixels,24,YCbCr,JPEG (Baseline),JFIF 1.01,image/jpeg,Big endian
51565,182 pixels,268 pixels,24,YCbCr,JPEG (Baseline),JFIF 1.01,image/jpeg,Big endian
113442,182 pixels,268 pixels,24,YCbCr,JPEG (Baseline),JFIF 1.01,image/jpeg,Big endian
3480158,182 pixels,268 pixels,24,YCbCr,JPEG (Baseline),JFIF 1.01,image/jpeg,Big endian
1706450,182 pixels,268 pixels,24,YCbCr,JPEG (Baseline),JFIF 1.01,image/jpeg,Big endian
45332,182 pixels,268 pixels,24,YCbCr,JPEG (Baseline),JFIF 1.01,image/jpeg,Big endian
34846,182 pixels,268 pixels,24,YCbCr,JPEG (Baseline),JFIF 1.01,image/jpeg,Big endian
1273222,182 pixels,268 pixels,24,YCbCr,JPEG (Baseline),JFIF 1.01,image/jpeg,Big endian
331468,182 pixels,268 pixels,24,YCbCr,JPEG (Baseline),JFIF 1.01,image/jpeg,Big endian
1576440,182 pixels,268 pixels,24,YCbCr,JPEG (Baseline),JFIF 1.01,image/jpeg,Big endian
982939,182 pixels,268 pixels,24,YCbCr,JPEG (Baseline),JFIF 1.01,image/jpeg,Big endian
91149,182 pixels,268 pixels,24,YCbCr,JPEG (Baseline),JFIF 1.01,image/jpeg,Big endian
5496244,182 pixels,268 pixels,24,YCbCr,JPEG (Baseline),JFIF 1.01,image/jpeg,Big endian
1568923,182 pixels,268 pixels,24,YCbCr,JPEG (Baseline),JFIF 1.01,image/jpeg,Big endian
246592,182 pixels,268 pixels,24,YCbCr,JPEG (Baseline),JFIF 1.01,image/jpeg,Big endian
448927,182 pixels,268 pixels,24,YCbCr,JPEG (Baseline),JFIF 1.01,image/jpeg,Big endian
1132620,182 pixels,268 pixels,24,YCbCr,JPEG (Baseline),JFIF 1.01,image/jpeg,Big endian
318523,182 pixels,268 pixels,24,YCbCr,JPEG (Baseline),JFIF 1.01,image/jpeg,Big endian
2689354,182 pixels,268 pixels,24,YCbCr,JPEG (Baseline),JFIF 1.01,image/jpeg,Big endian
96288,182 pixels,268 pixels,24,YCbCr,JPEG (Baseline),JFIF 1.01,image/jpeg,Big endian
466460,182 pixels,268 pixels,24,YCbCr,JPEG (Baseline),JFIF 1.01,image/jpeg,Big endian
70248,182 pixels,268 pixels,24,YCbCr,JPEG (Baseline),JFIF 1.01,image/jpeg,Big endian
213035,182 pixels,268 pixels,24,YCbCr,JPEG (Baseline),JFIF 1.01,image/jpeg,Big endian
1446089,182 pixels,268 pixels,24,YCbCr,JPEG (Baseline),JFIF 1.01,image/jpeg,Big endian
162926,182 pixels,268 pixels,24,YCbCr,JPEG (Baseline),JFIF 1.01,image/jpeg,Big endian
1375666,182 pixels,268 pixels,24,YCbCr,JPEG (Baseline),JFIF 1.01,image/jpeg,Big endian
3425402,182 pixels,268 pixels,24,YCbCr,JPEG (Baseline),JFIF 1.01,image/jpeg,Big endian
76686,182 pixels,268 pixels,24,YCbCr,JPEG (Baseline),JFIF 1.01,image/jpeg,Big endian
1701215,182 pixels,268 pixels,24,YCbCr,JPEG (Baseline),JFIF 1.01,image/jpeg,Big endian
416908,182 pixels,268 pixels,24,YCbCr,JPEG (Baseline),JFIF 1.01,image/jpeg,Big endian
1385826,182 pixels,268 pixels,24,YCbCr,JPEG (Baseline),JFIF 1.01,image/jpeg,Big endian
23926,182 pixels,268 pixels,24,YCbCr,JPEG (Baseline),JFIF 1.01,image/jpeg,Big endian
2354181,182 pixels,268 pixels,24,YCbCr,JPEG (Baseline),JFIF 1.01,image/jpeg,Big endian
257935,182 pixels,268 pixels,24,YCbCr,JPEG (Baseline),JFIF 1.01,image/jpeg,Big endian
1687277,182 pixels,268 pixels,24,YCbCr,JPEG (Baseline),JFIF 1.01,image/jpeg,Big endian
1343703,182 pixels,268 pixels,24,YCbCr,JPEG (Baseline),JFIF 1.01,image/jpeg,Big endian
184773,182 pixels,268 pixels,24,YCbCr,JPEG (Baseline),JFIF 1.01,image/jpeg,Big endian
927619,182 pixels,268 pixels,24,YCbCr,JPEG (Baseline),JFIF 1.01,image/jpeg,Big endian
844330,182 pixels,268 pixels,24,YCbCr,JPEG (Baseline),JFIF 1.01,image/jpeg,Big endian
111400,182 pixels,268 pixels,24,YCbCr,JPEG (Baseline),JFIF 1.01,image/jpeg,Big endian
338133,182 pixels,268 pixels,24,YCbCr,JPEG (Baseline),JFIF 1.01,image/jpeg,Big endian
196355,182 pixels,268 pixels,24,YCbCr,JPEG (Baseline),JFIF 1.01,image/jpeg,Big endian
115736,182 pixels,268 pixels,24,YCbCr,JPEG (Baseline),JFIF 1.01,image/jpeg,Big endian
181739,182 pixels,268 pixels,24,YCbCr,JPEG (Baseline),JFIF 1.01,image/jpeg,Big endian
36506,182 pixels,268 pixels,24,YCbCr,JPEG (Baseline),JFIF 1.01,image/jpeg,Big endian
61199,182 pixels,268 pixels,24,YCbCr,JPEG (Baseline),JFIF 1.01,image/jpeg,Big endian
95107,182 pixels,268 pixels,24,YCbCr,JPEG (Baseline),JFIF 1.01,image/jpeg,Big endian
478304,182 pixels,268 pixels,24,YCbCr,JPEG (Baseline),JFIF 1.01,image/jpeg,Big endian
468526,182 pixels,268 pixels,24,YCbCr,JPEG (Baseline),JFIF 1.01,image/jpeg,Big endian
1541874,182 pixels,268 pixels,24,YCbCr,JPEG (Baseline),JFIF 1.01,image/jpeg,Big endian
91513,182 pixels,268 pixels,24,YCbCr,JPEG (Baseline),JFIF 1.01,image/jpeg,Big endian
94712,182 pixels,268 pixels,24,YCbCr,JPEG (Baseline),JFIF 1.01,image/jpeg,Big endian
1023345,182 pixels,268 pixels,24,YCbCr,JPEG (Baseline),JFIF 1.01,image/jpeg,Big endian
113737,182 pixels,268 pixels,24,YCbCr,JPEG (Baseline),JFIF 1.01,image/jpeg,Big endian
221111,182 pixels,268 pixels,24,YCbCr,JPEG (Baseline),JFIF 1.01,image/jpeg,Big endian
181978,182 pixels,268 pixels,24,YCbCr,JPEG (Baseline),JFIF 1.01,image/jpeg,Big endian
107451,182 pixels,268 pixels,24,YCbCr,JPEG (Baseline),JFIF 1.01,image/jpeg,Big endian
334754,182 pixels,268 pixels,24,YCbCr,JPEG (Baseline),JFIF 1.01,image/jpeg,Big endian
1668003,182 pixels,268 pixels,24,YCbCr,JPEG (Baseline),JFIF 1.01,image/jpeg,Big endian
871427,182 pixels,268 pixels,24,YCbCr,JPEG (Baseline),JFIF 1.01,image/jpeg,Big endian
97366,182 pixels,268 pixels,24,YCbCr,JPEG (Baseline),JFIF 1.01,image/jpeg,Big endian
439008,182 pixels,268 pixels,24,YCbCr,JPEG (Baseline),JFIF 1.01,image/jpeg,Big endian
84171,182 pixels,268 pixels,24,YCbCr,JPEG (Baseline),JFIF 1.01,image/jpeg,Big endian
189047,182 pixels,268 pixels,24,YCbCr,JPEG (Baseline),JFIF 1.01,image/jpeg,Big endian
98621,182 pixels,268 pixels,24,YCbCr,JPEG (Baseline),JFIF 1.01,image/jpeg,Big endian
74991,182 pixels,268 pixels,24,YCbCr,JPEG (Baseline),JFIF 1.01,image/jpeg,Big endian
1020530,182 pixels,268 pixels,24,YCbCr,JPEG (Baseline),JFIF 1.01,image/jpeg,Big endian
1486190,182 pixels,268 pixels,24,YCbCr,JPEG (Baseline),JFIF 1.01,image/jpeg,Big endian
328078,182 pixels,268 pixels,24,YCbCr,JPEG (Baseline),JFIF 1.01,image/jpeg,Big endian
1254969,182 pixels,268 pixels,24,YCbCr,JPEG (Baseline),JFIF 1.01,image/jpeg,Big endian
479074,182 pixels,268 pixels,24,YCbCr,JPEG (Baseline),JFIF 1.01,image/jpeg,Big endian
62108,182 pixels,268 pixels,24,YCbCr,JPEG (Baseline),JFIF 1.01,image/jpeg,Big endian
119848,182 pixels,268 pixels,24,YCbCr,JPEG (Baseline),JFIF 1.01,image/jpeg,Big endian
970926,182 pixels,268 pixels,24,YCbCr,JPEG (Baseline),JFIF 1.01,image/jpeg,Big endian
1312203,182 pixels,268 pixels,24,YCbCr,JPEG (Baseline),JFIF 1.01,image/jpeg,Big endian
165546,182 pixels,268 pixels,24,YCbCr,JPEG (Baseline),JFIF 1.01,image/jpeg,Big endian
31976,182 pixels,268 pixels,24,YCbCr,JPEG (Baseline),JFIF 1.01,image/jpeg,Big endian
3279124,182 pixels,268 pixels,24,YCbCr,JPEG (Baseline),JFIF 1.01,image/jpeg,Big endian
3104572,182 pixels,268 pixels,24,YCbCr,JPEG (Baseline),JFIF 1.01,image/jpeg,Big endian
1878870,182 pixels,268 pixels,24,YCbCr,JPEG (Baseline),JFIF 1.01,image/jpeg,Big endian
1064215,182 pixels,268 pixels,24,YCbCr,JPEG (Baseline),JFIF 1.01,image/jpeg,Big endian
3627572,182 pixels,268 pixels,24,YCbCr,JPEG (Baseline),JFIF 1.01,image/jpeg,Big endian
3650290,182 pixels,268 pixels,24,YCbCr,JPEG (Baseline),JFIF 1.01,image/jpeg,Big endian
1734589,182 pixels,268 pixels,24,YCbCr,JPEG (Baseline),JFIF 1.01,image/jpeg,Big endian
361748,182 pixels,268 pixels,24,YCbCr,JPEG (Baseline),JFIF 1.01,image/jpeg,Big endian
91276,182 pixels,268 pixels,24,YCbCr,JPEG (Baseline),JFIF 1.01,image/jpeg,Big endian
1611840,182 pixels,268 pixels,24,YCbCr,JPEG (Baseline),JFIF 1.01,image/jpeg,Big endian
1354003,182 pixels,268 pixels,24,YCbCr,JPEG (Baseline),JFIF 1.01,image/jpeg,Big endian
1954315,182 pixels,268 pixels,24,YCbCr,JPEG (Baseline),JFIF 1.01,image/jpeg,Big endian
209095,182 pixels,268 pixels,24,YCbCr,JPEG (Baseline),JFIF 1.01,image/jpeg,Big endian
1587309,182 pixels,268 pixels,24,YCbCr,JPEG (Baseline),JFIF 1.01,image/jpeg,Big endian
37151,182 pixels,268 pixels,24,YCbCr,JPEG (Baseline),JFIF 1.01,image/jpeg,Big endian
455583,182 pixels,268 pixels,24,YCbCr,JPEG (Baseline),JFIF 1.01,image/jpeg,Big endian
3470838,182 pixels,268 pixels,24,YCbCr,JPEG (Baseline),JFIF 1.01,image/jpeg,Big endian
